name,country,suburb,repo_id,live_id,tier,dist_m,note
Arkose - Madrid,ES,Madrid,seed-1227,seed-1241,T2-same-name,0,
Boulder Madrid,ES,Madrid,seed-1228,seed-1242,T2-same-name,0,
Bulder Queen - Madrid,ES,Madrid,seed-1229,seed-1243,T2-same-name,0,
Espacio Acción - Madrid,ES,Madrid,seed-1230,seed-1244,T2-same-name,0,
Monkey Fingers - Madrid,ES,Madrid,seed-1231,seed-1245,T2-same-name,0,
Roc 30 FMM - Madrid,ES,Madrid,seed-1232,seed-1246,T2-same-name,0,
rockOMadrid,ES,Madrid,seed-1233,seed-1247,T2-same-name,0,
RockTown Climbing - Madrid,ES,Madrid,seed-1234,seed-1248,T2-same-name,0,
Salamandra Boulder Café - Madrid,ES,Madrid,seed-1235,seed-1249,T2-same-name,0,
Sharma Climbing - Madrid,ES,Madrid,seed-1236,seed-1250,T2-same-name,0,
Sputnik Climbing - Chamberí Madrid,ES,Madrid,seed-1237,seed-1251,T2-same-name,0,
Sputnik Climbing - Legazpi,ES,Madrid,seed-1238,seed-1252,T2-same-name,0,
Urban Monkey - Madrid,ES,Madrid,seed-1239,seed-1253,T2-same-name,0,
Uuadibloc - Madrid,ES,Madrid,seed-1240,seed-1254,T2-same-name,0,
9a Poblenou Climbing - Rocòdrom Barcelona,ES,Barcelona,seed-1241,seed-1255,T2-same-name,0,
Bloc District - Barcelona Marina,ES,Barcelona,seed-1242,seed-1256,T2-same-name,0,
Bloc District - Barcelona Tetuan,ES,Barcelona,seed-1243,seed-1257,T2-same-name,0,
Climbat - La Foixarda Barcelona,ES,Barcelona,seed-1244,seed-1258,T2-same-name,0,
"Indoorwall - El Clot, Barcelona",ES,Barcelona,seed-1245,seed-1259,T2-same-name,0,
"Monobloc - La Sagrera, Barcelona",ES,Barcelona,seed-1246,seed-1260,T2-same-name,0,
"Monobloc - Sants, Barcelona",ES,Barcelona,seed-1247,seed-1261,T2-same-name,0,
Sharma Climbing - Barcelona,ES,Barcelona,seed-1248,seed-1262,T2-same-name,0,
Escala 25 - Lisboa,PT,Lisboa,seed-1249,seed-1263,T2-same-name,0,
Rocódromo FCMP Casal Vistoso - Lisboa,PT,Lisboa,seed-1250,seed-1264,T2-same-name,0,
Vertigo - Lisboa,PT,Lisboa,seed-1251,seed-1265,T2-same-name,0,
Coimbra Climbing,PT,Coimbra,seed-1252,seed-1266,T2-same-name,0,
upa! Climbing Center - Coimbra,PT,Coimbra,seed-1253,seed-1267,T2-same-name,0,
São Rock - Porto,PT,Porto,seed-1254,seed-1268,T2-same-name,0,
The North Wall - Porto,PT,Porto,seed-1255,seed-1269,T2-same-name,0,
Blockfabrik,AT,Wien,seed-1256,seed-1270,T2-same-name,0,
Boulderbar - Hannovergasse,AT,Wien,seed-1257,seed-1271,T2-same-name,0,
Boulderbar - Hauptbahnhof,AT,Wien,seed-1258,seed-1272,T2-same-name,0,
Boulderbar - Seestadt,AT,Wien,seed-1259,seed-1273,T2-same-name,0,
Boulderbar - Wienerberg,AT,Wien,seed-1260,seed-1274,T2-same-name,0,
Boulder Monkeys - Wien,AT,Wien,seed-1261,seed-1275,T2-same-name,0,
Climb On Marswiese - Wien,AT,Wien,seed-1262,seed-1276,T2-same-name,0,
Das Flash - Wien,AT,Wien,seed-1263,seed-1277,T2-same-name,0,
Edelweiss - Hegelgasse,AT,Wien,seed-1264,seed-1278,T2-same-name,0,
Edelweiss - Walfischgasse Wien,AT,Wien,seed-1265,seed-1279,T2-same-name,0,
Kletteranlage Flakturm - Wien,AT,Wien,seed-1266,seed-1280,T2-same-name,0,
Kletterhalle Wien,AT,Wien,seed-1267,seed-1281,T2-same-name,0,
ÖTK Kletterhalle - Wien,AT,Wien,seed-1268,seed-1282,T2-same-name,0,
BLOC house - Boulderhalle,AT,Graz,seed-1269,seed-1283,T2-same-name,0,
Boulderclub - Graz,AT,Graz,seed-1270,seed-1284,T2-same-name,0,
City Adventure Center CAC - Graz,AT,Graz,seed-1271,seed-1285,T2-same-name,0,
Newton - Graz,AT,Graz,seed-1272,seed-1286,T2-same-name,0,
Der Steinbock - Linz,AT,Linz,seed-1273,seed-1287,T2-same-name,0,
Kletterhalle Linz/Auwiesen,AT,Linz,seed-1274,seed-1288,T2-same-name,0,
Kletterzentrum AM TURM - Linz,AT,Linz,seed-1275,seed-1289,T2-same-name,0,
boulderbar - Salzburg,AT,Salzburg,seed-1276,seed-1290,T2-same-name,0,
Kletterhalle Salzburg,AT,Salzburg,seed-1277,seed-1291,T2-same-name,0,
Minimum - Flüela Zürich,CH,Zürich,seed-1278,seed-1292,T2-same-name,0,
Minimum - Zürich Leutsch,CH,Zürich,seed-1279,seed-1293,T2-same-name,0,
ELYS Boulderloft - Basel,CH,Basel,seed-1280,seed-1294,T2-same-name,0,
Kletterhalle 7 - Basel,CH,Basel,seed-1281,seed-1295,T2-same-name,0,
Bimano - Zentweg,CH,Bern,seed-1282,seed-1296,T2-same-name,0,
BoulderBad Muubeeri - Bern,CH,Bern,seed-1283,seed-1297,T2-same-name,0,
6a plus - Winterthur,CH,Winterthur,seed-1284,seed-1298,T2-same-name,0,
Blockfeld Boulderpark & Bistro,CH,Winterthur,seed-1285,seed-1299,T2-same-name,0,
Arena Wspinaczkowa Makak,PL,Warszawa,seed-1286,seed-1300,T2-same-name,0,
Camp4 Climbing Hall,PL,Warszawa,seed-1287,seed-1301,T2-same-name,0,
Climbing Centre ON SIGHT,PL,Warszawa,seed-1288,seed-1302,T2-same-name,0,
Crux Boulder - Warszawa,PL,Warszawa,seed-1289,seed-1303,T2-same-name,0,
Murall Centrum Wspinaczkowe + FunClimb,PL,Warszawa,seed-1290,seed-1304,T2-same-name,0,
Murall Krakowska,PL,Warszawa,seed-1291,seed-1305,T2-same-name,0,
Obiekto,PL,Warszawa,seed-1292,seed-1306,T2-same-name,0,
Stacja Grawitacja Warszawa,PL,Warszawa,seed-1293,seed-1307,T2-same-name,0,
VOLT Boulderownia,PL,Warszawa,seed-1294,seed-1308,T2-same-name,0,
WEST Bouldering,PL,Warszawa,seed-1295,seed-1309,T2-same-name,0,
Wgórę. Climbing wall,PL,Warszawa,seed-1296,seed-1310,T2-same-name,0,
Climbing Centre Tarnogaj,PL,Wrocław,seed-1297,seed-1311,T2-same-name,0,
Climbing wall FPINKA,PL,Wrocław,seed-1298,seed-1312,T2-same-name,0,
EIGER - Ściana wspinaczkowa,PL,Wrocław,seed-1299,seed-1313,T2-same-name,0,
Fabryczna Boulder,PL,Wrocław,seed-1300,seed-1314,T2-same-name,0,
Flow Climbing Space,PL,Wrocław,seed-1301,seed-1315,T2-same-name,0,
Groto bulderownia,PL,Wrocław,seed-1302,seed-1316,T2-same-name,0,
Lokal 32 Boulderownia Wrocław,PL,Wrocław,seed-1303,seed-1317,T2-same-name,0,
WOW Zerwa,PL,Wrocław,seed-1304,seed-1318,T2-same-name,0,
AVATAR Balicka Boulder,PL,Kraków,seed-1305,seed-1319,T2-same-name,0,
Avatar Centrala Ruchu,PL,Kraków,seed-1306,seed-1320,T2-same-name,0,
CUBE Baldy,PL,Kraków,seed-1307,seed-1321,T2-same-name,0,
Fortress - Climbing Centre,PL,Kraków,seed-1308,seed-1322,T2-same-name,0,
MOOD Kraków,PL,Kraków,seed-1309,seed-1323,T2-same-name,0,
Reni-Sport,PL,Kraków,seed-1310,seed-1324,T2-same-name,0,
Slab Bouldering Kraków,PL,Kraków,seed-1311,seed-1325,T2-same-name,0,
Climbing Spot - Pułaskiego,PL,Poznań,seed-1312,seed-1326,T2-same-name,0,
Climbing Spot - Widłakowa,PL,Poznań,seed-1313,seed-1327,T2-same-name,0,
Groto Poznań Boulderownia,PL,Poznań,seed-1314,seed-1328,T2-same-name,0,
Karma Centrum Wspinaczkowe,PL,Poznań,seed-1315,seed-1329,T2-same-name,0,
Ścianka Wspinaczkowa Blok Line,PL,Poznań,seed-1316,seed-1330,T2-same-name,0,
Beta Boulders - Østerbro,DK,København,seed-1317,seed-1331,T2-same-name,0,
Beta Boulders - Sydhavn,DK,København,seed-1318,seed-1332,T2-same-name,0,
Beta Boulders - Vanløse,DK,København,seed-1319,seed-1333,T2-same-name,0,
Boulders - Amager,DK,København,seed-1320,seed-1334,T2-same-name,0,
Boulders - CPH Sydhavn,DK,København,seed-1321,seed-1335,T2-same-name,0,
Boulders - Valby,DK,København,seed-1322,seed-1336,T2-same-name,0,
Nørrebro Klatreklub,DK,København,seed-1323,seed-1337,T2-same-name,0,
Boulders - Odense,DK,Odense,seed-1324,seed-1338,T2-same-name,0,
OBK - Odense Boulderklub,DK,Odense,seed-1325,seed-1339,T2-same-name,0,
Odense Sportsklatreklub,DK,Odense,seed-1326,seed-1340,T2-same-name,0,
OKK - Odense Klatreklub,DK,Odense,seed-1327,seed-1341,T2-same-name,0,
Boulders - Aarhus City,DK,Aarhus,seed-1328,seed-1342,T2-same-name,0,
Boulders - Aarhus Nord,DK,Aarhus,seed-1329,seed-1343,T2-same-name,0,
Aalborg Klatreklub,DK,Aalborg,seed-1330,seed-1344,T2-same-name,0,
Boulder Center Pasila,FI,Helsinki,seed-1331,seed-1345,T2-same-name,0,
Boulderkeskus - Herttoniemi,FI,Helsinki,seed-1332,seed-1346,T2-same-name,0,
Boulderkeskus Kino,FI,Helsinki,seed-1333,seed-1347,T2-same-name,0,
Boulderkeskus Konala,FI,Helsinki,seed-1334,seed-1348,T2-same-name,0,
Helsinki Climbing Center,FI,Helsinki,seed-1335,seed-1349,T2-same-name,0,
Kiipeilyareena - Kalasatama,FI,Helsinki,seed-1336,seed-1350,T2-same-name,0,
KiipeilyAreena Ristikko - Konala,FI,Helsinki,seed-1337,seed-1351,T2-same-name,0,
KiipeilyAreena Salmisaari,FI,Helsinki,seed-1338,seed-1352,T2-same-name,0,
Ladeo Oy,FI,Lahti,seed-1339,seed-1353,T2-same-name,0,
yogaROCKS,FI,Lahti,seed-1340,seed-1354,T2-same-name,0,
Kaamos Climbing,FI,Oulu,seed-1341,seed-1355,T2-same-name,0,
Oulu Climbing Center,FI,Oulu,seed-1342,seed-1356,T2-same-name,0,
Tampere Climbing Center,FI,Tampere,seed-1343,seed-1357,T2-same-name,0,
Tampereen Kiipeilykeskus,FI,Tampere,seed-1344,seed-1358,T2-same-name,0,
Bloc Climbing Gym,IE,Dublin,seed-1345,seed-1359,T2-same-name,0,
Gravity Climbing Centre,IE,Dublin,seed-1346,seed-1360,T2-same-name,0,
The Dublin Climbing Centre,IE,Dublin,seed-1347,seed-1361,T2-same-name,0,
The Wall Climbing Gym,IE,Dublin,seed-1348,seed-1362,T2-same-name,0,
Awesome Walls - Dublin,IE,"Finglas, Dublin",seed-1349,seed-1363,T2-same-name,0,
HikeandClimb,IE,Bray,seed-1350,seed-1364,T2-same-name,0,
Suas Climbing Centre,IE,Cloonlara,seed-1351,seed-1365,T2-same-name,0,
Awesome Walls - Cork,IE,Cork City,seed-1352,seed-1366,T2-same-name,0,
UL Sport Climbing Wall,IE,Limerick,seed-1353,seed-1367,T2-same-name,0,
Vulkan Klatresenter,NO,Oslo,seed-1354,seed-1368,T2-same-name,0,
Klatreverket,NO,Oslo,seed-1355,seed-1369,T2-same-name,0,
Oslo Klatresenter,NO,Oslo,seed-1356,seed-1370,T2-same-name,0,
Bergenshallen,NO,Bergen,seed-1357,seed-1371,T2-same-name,0,
Lehmkuhlhallen,NO,Bergen,seed-1358,seed-1372,T2-same-name,0,
Bergen Klatresenter - Laksevåg,NO,Bergen,seed-1359,seed-1373,T2-same-name,0,
Bergen Klatresenter - Kokstad,NO,Bergen,seed-1360,seed-1374,T2-same-name,0,
Trondheim Klatresenter,NO,Trondheim,seed-1361,seed-1375,T2-same-name,0,
Gekko Klatring,NO,Trondheim,seed-1362,seed-1376,T2-same-name,0,
Trondheim Buldresenter,NO,Trondheim,seed-1363,seed-1377,T2-same-name,0,
Klatrefabrikken Stavanger,NO,Stavanger,seed-1364,seed-1378,T2-same-name,0,
SiS Sports Center,NO,Stavanger,seed-1365,seed-1379,T2-same-name,0,
Mørkvedhallen klatresenter,NO,Bodo,seed-1366,seed-1380,T2-same-name,0,
Slaktehallen Buldrorado,NO,Bodo,seed-1367,seed-1381,T2-same-name,0,
Hemsedal klatresenter,NO,Hemsedal,seed-1368,seed-1382,T2-same-name,0,
Klatreverket Kristiansand,NO,Kristiansand,seed-1369,seed-1383,T2-same-name,0,
Kristiansund Klatresenter,NO,Kristiansund,seed-1370,seed-1384,T2-same-name,0,
Tyrili Klatring,NO,Lillehammer,seed-1371,seed-1385,T2-same-name,0,
Sparebanken Møre Arena,NO,Alesund,seed-1372,seed-1386,T2-same-name,0,
Skien Fritidspark,NO,Skien,seed-1373,seed-1387,T2-same-name,0,
Adamanta Escandón,MX,Ciudad de México,seed-1374,seed-1388,T2-same-name,0,
Adamanta Santa Fé,MX,Ciudad de México,seed-1375,seed-1389,T2-same-name,0,
Amanecer Climbing,MX,Interlomas,seed-1376,seed-1390,T2-same-name,0,
Loop Climbing Center,MX,Ciudad de México,seed-1377,seed-1391,T2-same-name,0,
Onix Sala De Escalada,MX,Ciudad de México,seed-1378,seed-1392,T2-same-name,0,
RockSolid,MX,Ciudad de México,seed-1379,seed-1393,T2-same-name,0,
TOKA climbing,MX,Ciudad de México,seed-1380,seed-1394,T2-same-name,0,
V+ Bouldering & Sport Center,MX,Ciudad de México,seed-1381,seed-1395,T2-same-name,0,
Adamanta Sierra,MX,Monterrey,seed-1382,seed-1396,T2-same-name,0,
Delta Indoor Climbing Club,MX,Monterrey,seed-1383,seed-1397,T2-same-name,0,
Mad Complex,MX,Monterrey,seed-1384,seed-1398,T2-same-name,0,
Pico Norte - Tec Monterrey,MX,Monterrey,seed-1385,seed-1399,T2-same-name,0,
Frixiona,MX,Toluca de Lerdo,seed-1386,seed-1400,T2-same-name,0,
Xkala by Walltopia,MX,Toluca de Lerdo,seed-1387,seed-1401,T2-same-name,0,
Motion Boulder,MX,Zapopan,seed-1388,seed-1402,T2-same-name,0,
Motion Boulder 2,MX,Zapopan,seed-1389,seed-1403,T2-same-name,0,
Casa de Pedra - Perdizes,BR,São Paulo,seed-1390,seed-1404,T2-same-name,0,
Casa de Pedra - Moema,BR,São Paulo,seed-1391,seed-1405,T2-same-name,0,
FABRICA Escalada - Itaim,BR,São Paulo,seed-1392,seed-1406,T2-same-name,0,
FABRICA Escalada - Chácara Santo Antônio,BR,São Paulo,seed-1393,seed-1407,T2-same-name,0,
FABRICA Escalada - Vila Madalena,BR,São Paulo,seed-1394,seed-1408,T2-same-name,0,
90 Graus,BR,São Paulo,seed-1395,seed-1409,T2-same-name,0,
Evolução Escalada Indoor - Botafogo,BR,Rio de Janeiro,seed-1396,seed-1410,T2-same-name,0,
Summit Ginásio de Escalada,BR,Belo Horizonte,seed-1397,seed-1411,T2-same-name,0,
Das Pedras - Espaço de Escalada,BR,Belo Horizonte,seed-1398,seed-1412,T2-same-name,0,
Up Escalada,BR,Belo Horizonte,seed-1399,seed-1413,T2-same-name,0,
ROKAZ Academy Climbing and Fitness,BR,Belo Horizonte,seed-1400,seed-1414,T2-same-name,0,
ROKAZ Unidade Buritis,BR,Belo Horizonte,seed-1401,seed-1415,T2-same-name,0,
Caverna Boulder,BR,Curitiba,seed-1402,seed-1416,T2-same-name,0,
UBT Escalada,BR,Curitiba,seed-1403,seed-1417,T2-same-name,0,
Via Aventura,BR,Curitiba,seed-1404,seed-1418,T2-same-name,0,
Bigwall,HU,Budapest,seed-1405,seed-1419,T2-same-name,0,
Boulder Academy Budapest,HU,Budapest,seed-1406,seed-1420,T2-same-name,0,
Climberry,HU,Budapest,seed-1407,seed-1421,T2-same-name,0,
fless!,HU,Budapest,seed-1408,seed-1422,T2-same-name,0,
fless! Buda,HU,Budapest,seed-1409,seed-1423,T2-same-name,0,
Flow Boulder,HU,Budapest,seed-1410,seed-1424,T2-same-name,0,
GI Boulder Club,HU,Budapest,seed-1411,seed-1425,T2-same-name,0,
Gravity Boulder,HU,Budapest,seed-1412,seed-1426,T2-same-name,0,
Gravity CAMPUS,HU,Budapest,seed-1413,seed-1427,T2-same-name,0,
MAG47 Kft.,HU,Budapest,seed-1414,seed-1428,T2-same-name,0,
Monkey Boulder,HU,Budapest,seed-1415,seed-1429,T2-same-name,0,
Mountex Boulder,HU,Budapest,seed-1416,seed-1430,T2-same-name,0,
Spider Club,HU,Budapest,seed-1417,seed-1431,T2-same-name,0,
SPOT Boulder,HU,Budapest,seed-1418,seed-1432,T2-same-name,0,
Spider Club Budaörs,HU,Budaörs,seed-1419,seed-1433,T2-same-name,0,
Spirit Boulder Budaörs,HU,Budaörs,seed-1420,seed-1434,T2-same-name,0,
Ba-Rock Boulder,HU,Vác,seed-1421,seed-1435,T2-same-name,0,
Liget Boulder,HU,Veszprém,seed-1422,seed-1436,T2-same-name,0,
Mamouna Climbing Spot,GR,Athina,seed-1423,seed-1437,T2-same-name,0,
Redpoint Athens Climbing Center,GR,Athina,seed-1424,seed-1438,T2-same-name,0,
Crux - Climbing gym,GR,Thessaloniki,seed-1425,seed-1439,T2-same-name,0,
PXP Climbing,GR,Thessaloniki,seed-1426,seed-1440,T2-same-name,0,
X CLIMB,GR,Thessaloniki,seed-1427,seed-1441,T2-same-name,0,
"Epos Filis, Climbing Hall",GR,Ano Liosia,seed-1428,seed-1442,T2-same-name,0,
Mono by Athens Climbing Project,GR,Chalandri,seed-1429,seed-1443,T2-same-name,0,
Apollon Kalymnos Climbing Academy,GR,"Chorio, Kalymnos",seed-1430,seed-1444,T2-same-name,0,
RockWay,GR,Neo Irakleio,seed-1431,seed-1445,T2-same-name,0,
OAKA Indoor Climbing,GR,Marousi,seed-1432,seed-1446,T2-same-name,0,
THE WALL,GR,Pallini,seed-1433,seed-1447,T2-same-name,0,
Block - Patras,GR,Patras,seed-1434,seed-1448,T2-same-name,0,
City Fitness Next Gen,GR,Rodos,seed-1435,seed-1449,T2-same-name,0,
HUDY Boulder Karlín,CZ,Prague,seed-1436,seed-1450,T2-same-name,0,
Boulder Bar,CZ,Prague,seed-1437,seed-1451,T2-same-name,0,
Smichoff Climbing Center,CZ,Prague,seed-1438,seed-1452,T2-same-name,0,
JamJam Boulder Gym,CZ,Prague,seed-1439,seed-1453,T2-same-name,0,
Třináctka,CZ,Prague,seed-1440,seed-1454,T2-same-name,0,
BigWall Praha-Vysočany,CZ,Prague,seed-1441,seed-1455,T2-same-name,0,
Climbing Gym Holešovice,CZ,Prague,seed-1442,seed-1456,T2-same-name,0,
DURO Climbing Gym,CZ,Brno,seed-1443,seed-1457,T2-same-name,0,
Klifurhúsið,IS,Reykjavík,seed-1444,seed-1458,T2-same-name,0,
600Klifur,IS,Akureyri,seed-1445,seed-1459,T2-same-name,0,
Kraftlyftingafélag Akureyrar,IS,Akureyri,seed-1446,seed-1460,T2-same-name,0,
BLOKX Climbing Gym,RO,București,seed-1447,seed-1461,T2-same-name,0,
Carpatic Climbing Gym,RO,București,seed-1448,seed-1462,T2-same-name,0,
Centrul Climb Again,RO,București,seed-1449,seed-1463,T2-same-name,0,
Fabrica de Cățărat,RO,București,seed-1450,seed-1464,T2-same-name,0,
Galactic Gym,RO,București,seed-1451,seed-1465,T2-same-name,0,
Natural High București,RO,București,seed-1452,seed-1466,T2-same-name,0,
Vertical Spirit,RO,București,seed-1453,seed-1467,T2-same-name,0,
Climb House Brasov,RO,Brașov,seed-1454,seed-1468,T2-same-name,0,
Natural High Brașov,RO,Brașov,seed-1455,seed-1469,T2-same-name,0,
Climbing Blokx Mures,RO,Târgu Mureș,seed-1456,seed-1470,T2-same-name,0,
HangOut Climbing Gym,RO,Târgu Mureș,seed-1457,seed-1471,T2-same-name,0,
One Move climbing Gym,RO,Timișoara,seed-1458,seed-1472,T2-same-name,0,
Stone Age Climbing Space,RO,Miercurea Ciuc,seed-1459,seed-1473,T2-same-name,0,
Central Climbing,RO,Cluj-Napoca,seed-1460,seed-1474,T2-same-name,0,
Free Wall,RO,Cluj-Napoca,seed-1461,seed-1475,T2-same-name,0,
Gravity,RO,Cluj-Napoca,seed-1462,seed-1476,T2-same-name,0,
SKAI Urban Crag,RO,Cluj-Napoca,seed-1463,seed-1477,T2-same-name,0,
Climb Again Climbing Hall,RO,Iași,seed-1464,seed-1478,T2-same-name,0,
Boulder Zona,HR,Zagreb,seed-1465,seed-1479,T2-same-name,0,
Fothia Velesajam dvorana za penjanje,HR,Zagreb,seed-1466,seed-1480,T2-same-name,0,
The Hive Zagreb - Climbing & Yoga,HR,Zagreb,seed-1467,seed-1481,T2-same-name,0,
Climbing Center Marulianus,HR,Split,seed-1468,seed-1482,T2-same-name,0,
Spk Lapis,HR,Split,seed-1469,seed-1483,T2-same-name,0,
SPK ONSIGHT,HR,Pula,seed-1470,seed-1484,T2-same-name,0,
PK Elvis,HR,Koprivnica,seed-1471,seed-1485,T2-same-name,0,
Climbing gym TNT,HR,Kaštel Sućurac,seed-1472,seed-1486,T2-same-name,0,
Climbing wall Limestone,RU,Moskva,seed-1473,seed-1487,T2-same-name,0,
RockZona boulderhouse,RU,Moskva,seed-1474,seed-1488,T2-same-name,0,
Skalodrom Bigwallsport na Dinamo,RU,Moskva,seed-1475,seed-1489,T2-same-name,0,
Skalodrom Climb Lab,RU,Moskva,seed-1476,seed-1490,T2-same-name,0,
Klub Igels,RU,Sankt-Peterburg,seed-1477,seed-1491,T2-same-name,0,
Severnaya Stena Petrogradskaya Skalodrom,RU,Sankt-Peterburg,seed-1478,seed-1492,T2-same-name,0,
Skalodrom Tramontana,RU,Sankt-Peterburg,seed-1479,seed-1493,T2-same-name,0,
Balkan Climbing,BG,Sofia,seed-1480,seed-1494,T2-same-name,0,
Bons - Europe climbing center,BG,Sofia,seed-1481,seed-1495,T2-same-name,0,
Climb Academy,BG,Sofia,seed-1482,seed-1496,T2-same-name,0,
Climbing and mountaineering NSA,BG,Sofia,seed-1483,seed-1497,T2-same-name,0,
Climbing center Europe,BG,Sofia,seed-1484,seed-1498,T2-same-name,0,
Momentum Indoor Climbing Sofia,BG,Sofia,seed-1485,seed-1499,T2-same-name,0,
Varna Climbing,BG,Varna,seed-1486,seed-1500,T2-same-name,0,
Wall-Nut / MISA Climbing Systems,PH,Antipolo City,seed-1487,seed-1501,T2-same-name,0,
Kalay-at Climb Adventures,PH,Baguio City,seed-1488,seed-1502,T2-same-name,0,
Kapit Tuko Indoor Climbing Gym,PH,Biñan City,seed-1489,seed-1503,T2-same-name,0,
Camp Sandugo,PH,Taguig City,seed-1490,seed-1504,T2-same-name,0,
Bloc Boulder,PH,Bocaue,seed-1491,seed-1505,T2-same-name,0,
Viajero Climbing Gym,PH,Cagayan de Oro City,seed-1492,seed-1506,T2-same-name,0,
Nature's Camp Rock Climbing Gym,PH,Cainta,seed-1493,seed-1507,T2-same-name,0,
Ziggy's Tower,PH,Tagaytay City,seed-1494,seed-1508,T2-same-name,0,
Caliraya Recreation Center,PH,Lumban,seed-1495,seed-1509,T2-same-name,0,
Climb Central Manila,PH,Mandaluyong City,seed-1496,seed-1510,T2-same-name,0,
Sakattkadlagan Climbing Center,PH,Naga City,seed-1497,seed-1511,T2-same-name,0,
Urban Peak Wall Climbing Center,PH,Imus,seed-1498,seed-1512,T2-same-name,0,
Boulder Space,PH,Quezon City,seed-1499,seed-1513,T2-same-name,0,
Good Climbs,PH,Quezon City,seed-1500,seed-1514,T2-same-name,0,
Flow State Bouldering,PH,Angeles City,seed-1501,seed-1515,T2-same-name,0,
The Bouldering Hive Makati,PH,Makati City,seed-1502,seed-1516,T2-same-name,0,
The Bouldering Hive Greenhills,PH,San Juan City,seed-1503,seed-1517,T2-same-name,0,
AADED Escalando,AR,Acassuso,seed-1504,seed-1518,T2-same-name,0,
Ahonikenk Naturaleza Recreativa,AR,CABA,seed-1505,seed-1519,T2-same-name,0,
Bien Alto Escuela de Montaña,AR,CABA,seed-1506,seed-1520,T2-same-name,0,
Cima Escuela de Escalada,AR,Monte Grande,seed-1507,seed-1521,T2-same-name,0,
Chao - Punto Gym,AR,Tandil,seed-1508,seed-1522,T2-same-name,0,
Club Andino Burzaco (CABur),AR,Burzaco,seed-1509,seed-1523,T2-same-name,0,
Golem Escalada,AR,Avellaneda,seed-1510,seed-1524,T2-same-name,0,
K2 Escalada Deportiva,AR,Bella Vista,seed-1511,seed-1525,T2-same-name,0,
LA CIMA - Gimnasio Stadium,AR,Tres Arroyos,seed-1512,seed-1526,T2-same-name,0,
9a Rocódromo,AR,Córdoba,seed-1513,seed-1527,T2-same-name,0,
Club Andino Córdoba,AR,Córdoba,seed-1514,seed-1528,T2-same-name,0,
Pared Parque España,AR,Rosario,seed-1515,seed-1529,T2-same-name,0,
Limite Sur,AR,Berazategui,seed-1516,seed-1530,T2-same-name,0,
Vertical Gym,AR,Paraná,seed-1517,seed-1531,T2-same-name,0,
Rocódromo La Plata,AR,La Plata,seed-1518,seed-1532,T2-same-name,0,
Club Andino Sosneado,AR,San Rafael,seed-1519,seed-1533,T2-same-name,0,
Heidrun,AR,Plaza Huincul,seed-1520,seed-1534,T2-same-name,0,
GRAN PARED SAS,CO,Bogotá,seed-1521,seed-1535,T2-same-name,0,
Wazza,CO,Bogotá,seed-1522,seed-1536,T2-same-name,0,
Zona de Bloque,CO,Bogotá,seed-1523,seed-1537,T2-same-name,0,
Boulder House,CO,Bucaramanga,seed-1524,seed-1538,T2-same-name,0,
Ecoextremo,CO,Floridablanca,seed-1525,seed-1539,T2-same-name,0,
Destino Escalada,CO,Cali,seed-1526,seed-1540,T2-same-name,0,
Dulfer Escuela y Gimnasio de Escalada,CO,Cali,seed-1527,seed-1541,T2-same-name,0,
Gravedad Cero,CO,Cali,seed-1528,seed-1542,T2-same-name,0,
Skale Muro de Escalada,CO,Chía,seed-1529,seed-1543,T2-same-name,0,
RocanWorld Gimnasio de Escalada,CO,Chía,seed-1530,seed-1544,T2-same-name,0,
Geko Escalada,CO,Yumbo,seed-1531,seed-1545,T2-same-name,0,
Extrema Aventura,CO,Cúcuta,seed-1532,seed-1546,T2-same-name,0,
Norte Extremo,CO,Cúcuta,seed-1533,seed-1547,T2-same-name,0,
Mahalo Extreme Park,CO,Envigado,seed-1534,seed-1548,T2-same-name,0,
Aventuras Positivas - Comfatolima,CO,Ibagué,seed-1535,seed-1549,T2-same-name,0,
La Kueva Gimnasio de Escalada,CO,Ibagué,seed-1536,seed-1550,T2-same-name,0,
El Desafio,CO,Neiva,seed-1537,seed-1551,T2-same-name,0,
La Ecopared,CO,Pasto,seed-1538,seed-1552,T2-same-name,0,
Campus Climbing,CL,La Reina,seed-1539,seed-1553,T2-same-name,0,
Climbing Zone,CL,Llay Llay,seed-1540,seed-1554,T2-same-name,0,
Cueba Selknam,CL,Puerto Montt,seed-1541,seed-1555,T2-same-name,0,
TREEPE Boulder - Centro de Escalada,CL,Quillota,seed-1542,seed-1556,T2-same-name,0,
Muro Giuseppe Bortoluzzi,CL,San Fernando,seed-1543,seed-1557,T2-same-name,0,
Casa Boulder,CL,Providencia,seed-1544,seed-1558,T2-same-name,0,
Escalando en Penumbras,CL,Santiago,seed-1545,seed-1559,T2-same-name,0,
GimnasioElMuro,CL,La Reina,seed-1546,seed-1560,T2-same-name,0,
Monos Climbing,CL,Maipú,seed-1547,seed-1561,T2-same-name,0,
BALANCE,CL,Talca,seed-1548,seed-1562,T2-same-name,0,
El Trebol - Chileclimbers,CL,Talcahuano,seed-1549,seed-1563,T2-same-name,0,
Club Gimnástico Alemán Temuco,CL,Temuco,seed-1550,seed-1564,T2-same-name,0,
El Bloke,CL,Temuco,seed-1551,seed-1565,T2-same-name,0,
Puelche Valdivia,CL,Valdivia,seed-1552,seed-1566,T2-same-name,0,
Tornamesa Centro de Escalada,CL,Valparaíso,seed-1553,seed-1567,T2-same-name,0,
Naciones Unidas,VE,Caracas,seed-1554,seed-1568,T2-same-name,0,
Sector C Escalada Deportiva,VE,Chacao,seed-1555,seed-1569,T2-same-name,0,
Skate Park Chacao,VE,Chacao,seed-1556,seed-1570,T2-same-name,0,
Muro Escuela de Escalada Deportiva Caricuao,VE,Caracas,seed-1557,seed-1571,T2-same-name,0,
Aranitas Club,VE,Ciudad Ojeda,seed-1558,seed-1572,T2-same-name,0,
Asociación de Montañismo y Escalada del Estado Zulia,VE,Maracaibo,seed-1559,seed-1573,T2-same-name,0,
Muro AEDEA,VE,Maracay,seed-1560,seed-1574,T2-same-name,0,
Boulder,VE,Rubio,seed-1561,seed-1575,T2-same-name,0,
Cueva de Escalada Alain,VE,Rubio,seed-1562,seed-1576,T2-same-name,0,
Psicoblock En Piscina,VE,Rubio,seed-1563,seed-1577,T2-same-name,0,
Jose Daniel Arciniegas Contreras,VE,San Cristóbal,seed-1564,seed-1578,T2-same-name,0,
Ameg,VE,San Juan de los Morros,seed-1565,seed-1579,T2-same-name,0,
Villa Olímpica,VE,San Juan de los Morros,seed-1566,seed-1580,T2-same-name,0,
Roco Boulder,VE,El Dividive,seed-1567,seed-1581,T2-same-name,0,
Fit Rock Arena,IN,Pallikaranai,seed-1568,seed-1582,T2-same-name,0,
Crag Studio,IN,Gachibowli,seed-1569,seed-1583,T2-same-name,0,
Top Rock Bouldering Gym,IN,Manali,seed-1570,seed-1584,T2-same-name,0,
Golds Gym Bandra,IN,Bandra West,seed-1571,seed-1585,T2-same-name,0,
The Climbers Den,IN,Nashik,seed-1572,seed-1586,T2-same-name,0,
Delhi Rock,IN,Chittaranjan Park,seed-1573,seed-1587,T2-same-name,0,
Nainital Mountaineering Club,IN,Nainital,seed-1574,seed-1588,T2-same-name,0,
PCMC Wall,IN,Pimpri Chinchwad,seed-1575,seed-1589,T2-same-name,0,
Performance Rock,IL,Be'er Sheva,seed-1576,seed-1590,T2-same-name,0,
iClimb Jerusalem,IL,Jerusalem,seed-1577,seed-1591,T2-same-name,0,
Campus Climbing,IL,Karmiel,seed-1578,seed-1592,T2-same-name,0,
Boulderland Israel,IL,Kfar Saba,seed-1579,seed-1593,T2-same-name,0,
Toprope,IL,Kfar Blum,seed-1580,seed-1594,T2-same-name,0,
Kirono Climbing Gym,IL,Kiryat Ono,seed-1581,seed-1595,T2-same-name,0,
Monkeys climbing gym,IL,Netanya,seed-1582,seed-1596,T2-same-name,0,
Venga,IL,Petah Tikva,seed-1583,seed-1597,T2-same-name,0,
Badung Climbing Gym,ID,Seminyak,seed-1584,seed-1598,T2-same-name,0,
AE Climbing Gym,ID,Bandung,seed-1585,seed-1599,T2-same-name,0,
Manjat Climbing Gym,ID,Bandung,seed-1586,seed-1600,T2-same-name,0,
Rebel Gym,ID,Bandung,seed-1587,seed-1601,T2-same-name,0,
Bengkalis Sport Climbing Center,ID,Bengkalis,seed-1588,seed-1602,T2-same-name,0,
Bremgra Indoor Climbing Gym,ID,Serpong,seed-1589,seed-1603,T2-same-name,0,
BR 135 Climbing Club,ID,Palu,seed-1590,seed-1604,T2-same-name,0,
Phyxius Climbing Gym,ID,Surabaya,seed-1591,seed-1605,T2-same-name,0,
Bungo Boulder,ID,Bungo,seed-1592,seed-1606,T2-same-name,0,
iClimb Rock Climbing Gym,TW,Jhubei City,seed-1593,seed-1607,T2-same-name,0,
MegaSTONE Climbing Gym,TW,Xinzhuang District,seed-1594,seed-1608,T2-same-name,0,
B-Plus Bouldering Gym,TW,Xitun District,seed-1595,seed-1609,T2-same-name,0,
Red Rock Bouldering Training Center,TW,Shilin District,seed-1596,seed-1610,T2-same-name,0,
Taipei Rock Climbing Gym,TW,Datong District,seed-1597,seed-1611,T2-same-name,0,
Y17 Climbing Gym,TW,Da'an District,seed-1598,seed-1612,T2-same-name,0,
Boulder Space - Sanmin,TW,Sanmin District,seed-1599,seed-1613,T2-same-name,0,
Boulder Space - Zuoying,TW,Zuoying District,seed-1600,seed-1614,T2-same-name,0,
B-TOPIA,TW,Qianzhen District,seed-1601,seed-1615,T2-same-name,0,
Qingchang Climbing Life Hall,TW,Zuoying District,seed-1602,seed-1616,T2-same-name,0,
Bouldering Base,TW,Zuoying District,seed-1603,seed-1617,T2-same-name,0,
High Fun Comprehensive Fitness Center,TW,North District,seed-1604,seed-1618,T2-same-name,0,
CLK Climbing Facility,TW,Tainan,seed-1605,seed-1619,T2-same-name,0,
Yes Power Gym,TW,Annan District,seed-1606,seed-1620,T2-same-name,0,
CORNER Bouldering Gym - Zhongshan,TW,Zhongshan District,seed-1607,seed-1621,T2-same-name,0,
CORNER Bouldering Gym - Huashan,TW,Zhongshan District,seed-1608,seed-1622,T2-same-name,0,
T-UP Climbing Gym - Wanhua,TW,Wanhua District,seed-1609,seed-1623,T2-same-name,0,
T-UP Climbing Gym - Nangang,TW,Nangang District,seed-1610,seed-1624,T2-same-name,0,
T-UP Climbing Gym - Zhonghe,TW,Zhonghe District,seed-1611,seed-1625,T2-same-name,0,
Kirin Climbing Gym,TW,Nangang District,seed-1612,seed-1626,T2-same-name,0,
Civic Bouldergym Taipei,TW,Nangang District,seed-1613,seed-1627,T2-same-name,0,
Yonghe Climbing Field,TW,Yonghe District,seed-1614,seed-1628,T2-same-name,0,
The Little Rock - Tianmu,TW,Shilin District,seed-1615,seed-1629,T2-same-name,0,
Bloc 11 - Paarden Eiland,ZA,Paarden Eiland,seed-1616,seed-1630,T2-same-name,0,
Bloc 11 - Diep River,ZA,Diep River,seed-1617,seed-1631,T2-same-name,0,
CityROCK Cape Town,ZA,Paarden Eiland,seed-1618,seed-1632,T2-same-name,0,
HangTime Climbing Gym,ZA,Bellville,seed-1619,seed-1633,T2-same-name,0,
Rock Valley Climbing,ZA,Hennopspark,seed-1620,seed-1634,T2-same-name,0,
Southern Rock Climbing Centre,ZA,New Germany,seed-1621,seed-1635,T2-same-name,0,
Valley Crag Indoor Climbing Centre,ZA,South End,seed-1622,seed-1636,T2-same-name,0,
Friends and Allies,ZA,Randburg,seed-1623,seed-1637,T2-same-name,0,
The Climbing Barn Adventure Centre,ZA,Mooiplaats,seed-1624,seed-1638,T2-same-name,0,
CityROCK Johannesburg,ZA,Randburg,seed-1625,seed-1639,T2-same-name,0,
Idwala Adventures,ZA,Secunda,seed-1626,seed-1640,T2-same-name,0,
Maties Rock Climbing Wall,ZA,Stellenbosch,seed-1627,seed-1641,T2-same-name,0,
El Rocodromo,EC,La Vicentina,seed-1628,seed-1642,T2-same-name,0,
La Cueva,EC,Quito,seed-1629,seed-1643,T2-same-name,0,
Vertigo Escalada,EC,La Primavera,seed-1630,seed-1644,T2-same-name,0,
Monodedo,EC,"La Floresta, Quito",seed-1631,seed-1645,T2-same-name,0,
Monodedo Cuenca,EC,Cuenca,seed-1632,seed-1646,T2-same-name,0,
Iguana,EC,Ambato,seed-1633,seed-1647,T2-same-name,0,
CECAMP (César Campoverde),EC,Azogues,seed-1634,seed-1648,T2-same-name,0,
Complejo de Yacucalle,EC,Ibarra,seed-1635,seed-1649,T2-same-name,0,
Complejo La California,EC,Portoviejo,seed-1636,seed-1650,T2-same-name,0,
Max Climbing Club,EC,Guayaquil,seed-1637,seed-1651,T2-same-name,0,
Muro de Puyo,EC,Puyo,seed-1638,seed-1652,T2-same-name,0,
Hanoi Climbing Hub,VN,"Long Biên, Hanoi",seed-1639,seed-1653,T2-same-name,0,
ARCH Rock Climbing Hanoi,VN,"Tây Hồ, Hanoi",seed-1640,seed-1654,T2-same-name,0,
Beefy Boulders - Tây Hồ,VN,"Tây Hồ, Hanoi",seed-1641,seed-1655,T2-same-name,0,
Beefy Boulders - Mỹ Đình,VN,"Nam Từ Liêm, Hanoi",seed-1642,seed-1656,T2-same-name,0,
VietClimb,VN,"Tây Hồ, Hanoi",seed-1643,seed-1657,T2-same-name,0,
Vertical Academy,VN,"Thảo Điền, Ho Chi Minh City",seed-1644,seed-1658,T2-same-name,0,
Push Climbing - Crescent Wall,VN,"Quận 7, Ho Chi Minh City",seed-1645,seed-1659,T2-same-name,0,
Boulder House (Miegantys Drambliai),LT,Kaunas,seed-1646,seed-1660,T2-same-name,0,
Climbing Club Kaunas,LT,Kaunas,seed-1647,seed-1661,T2-same-name,0,
Fabrique,LT,Klaipėda,seed-1648,seed-1662,T2-same-name,0,
Scala Dream,LT,Klaipėda,seed-1649,seed-1663,T2-same-name,0,
BONOBO Climbing,LT,Vilnius,seed-1650,seed-1664,T2-same-name,0,
Montis Magia - LOFTAS,LT,Vilnius,seed-1651,seed-1665,T2-same-name,0,
Montis Magia - PIKAS,LT,Vilnius,seed-1652,seed-1666,T2-same-name,0,
VERTICAL Climbing Center,LT,Vilnius,seed-1653,seed-1667,T2-same-name,0,
Penjački centar Sektor44,RS,Novi Beograd,seed-1654,seed-1668,T2-same-name,0,
Belgrade Climbing Club,RS,Belgrade,seed-1655,seed-1669,T2-same-name,0,
Adrenalin Climbing Club,RS,Novi Sad,seed-1656,seed-1670,T2-same-name,0,
Hala Sportova,RS,Novi Beograd,seed-1657,seed-1671,T2-same-name,0,
Gekon,RS,Belgrade,seed-1658,seed-1672,T2-same-name,0,
Ahimsa Boulder,BO,Cochabamba,seed-1659,seed-1673,T2-same-name,0,
El Muro Escalada Deportiva,BO,Cochabamba,seed-1660,seed-1674,T2-same-name,0,
Gecko Boulders,BO,Cochabamba,seed-1661,seed-1675,T2-same-name,0,
CRUXTREME,BO,La Paz,seed-1662,seed-1676,T2-same-name,0,
LA Cueva Boulder Gym,BO,La Paz,seed-1663,seed-1677,T2-same-name,0,
Llama Climber,BO,La Paz,seed-1664,seed-1678,T2-same-name,0,
Shahid Rajaee Complex Gym,IR,Qazvin,seed-1665,seed-1679,T2-same-name,0,
ASOO Yadegar Imam Climbing Gym,IR,Qom,seed-1666,seed-1680,T2-same-name,0,
Davoudi Climbing Gym,IR,Tehran,seed-1667,seed-1681,T2-same-name,0,
Taka Gayasi,IR,Zanjan,seed-1668,seed-1682,T2-same-name,0,
Tuuletorn,EE,Käina,seed-1669,seed-1683,T2-same-name,0,
Kivi Climbing,EE,Tallinn,seed-1670,seed-1684,T2-same-name,0,
Ronimisministeerium,EE,Tallinn,seed-1671,seed-1685,T2-same-name,0,
Ronimistehas,EE,Tartu,seed-1672,seed-1686,T2-same-name,0,
Climbing Gym Ringtee,EE,Tartu,seed-1673,seed-1687,T2-same-name,0,
NET Spordihall,EE,Tartu,seed-1674,seed-1688,T2-same-name,0,
Project Rock,MY,Bandar Cassia,seed-1675,seed-1689,T2-same-name,0,
Petit Climbing Center,MY,Plentong,seed-1676,seed-1690,T2-same-name,0,
Rockworld,MY,Johor Bahru,seed-1677,seed-1691,T2-same-name,0,
Putrajaya Challenge Park,MY,Presint 5,seed-1678,seed-1692,T2-same-name,0,
Bump Bouldering,MY,Petaling Jaya,seed-1679,seed-1693,T2-same-name,0,
Shah Alam Extreme Park,MY,Shah Alam,seed-1680,seed-1694,T2-same-name,0,
Rock Domain Climbing Gym,TH,Bangna,seed-1681,seed-1695,T2-same-name,0,
Sports World at LadProa,TH,Wang Thonglang,seed-1682,seed-1696,T2-same-name,0,
No Gravity,TH,Chang Moi,seed-1683,seed-1697,T2-same-name,0,
Progression Vertical,TH,Pa Daet,seed-1684,seed-1698,T2-same-name,0,
Sports World Suratthani,TH,Surat Thani,seed-1685,seed-1699,T2-same-name,0,
Rebel Rock Climbing,TH,Thalang,seed-1686,seed-1700,T2-same-name,0,
UP!,UA,Holosiivskyi District,seed-1687,seed-1701,T2-same-name,0,
Tsekh Climbing Gym,UA,Kyiv,seed-1688,seed-1702,T2-same-name,0,
Boulder Space,UA,Desnianskyi District,seed-1689,seed-1703,T2-same-name,0,
Climbing SPACE,UA,Kyiv,seed-1690,seed-1704,T2-same-name,0,
Hyperion,UA,Kyiv,seed-1691,seed-1705,T2-same-name,0,
TheWall,UA,Frankivskyi District,seed-1692,seed-1706,T2-same-name,0,
Brutál Povala - cccbbb,SK,Banská Bystrica,seed-1693,seed-1707,T2-same-name,0,
Block Dock,SK,"Rača, Bratislava",seed-1694,seed-1708,T2-same-name,0,
Vertigo,SK,"Ružinov, Bratislava",seed-1695,seed-1709,T2-same-name,0,
HK Manin,SK,Považská Bystrica,seed-1696,seed-1710,T2-same-name,0,
K2-Zilina Bouldering Climbing Gym,SK,Žilina,seed-1697,seed-1711,T2-same-name,0,
Ovčín Boulder & Bistro,SK,Turčianske Jaseno,seed-1698,seed-1712,T2-same-name,0,
LCC Limassol Climbing Club,CY,Limassol,seed-1699,seed-1713,T2-same-name,0,
Ungravity Climbing,CY,"Engomi, Nicosia",seed-1700,seed-1714,T2-same-name,0,
C.F.C.C. Cyprus Federation Climbing Centre,CY,"Strovolos, Nicosia",seed-1701,seed-1715,T2-same-name,0,
Redpoint,CY,"Kaimakli, Nicosia",seed-1702,seed-1716,T2-same-name,0,
Rockstar Climbing,CY,Nicosia,seed-1703,seed-1717,T2-same-name,0,
El Espacio La Cueva,PA,Alto Boquete,seed-1704,seed-1718,T2-same-name,0,
Sportlink Climb,PA,"Costa del Este, Panama City",seed-1705,seed-1719,T2-same-name,0,
Baboons Boulder Wall,PA,"Bella Vista, Panama City",seed-1706,seed-1720,T2-same-name,0,
CCM Arequipa,PE,"Cercado, Arequipa",seed-1707,seed-1721,T2-same-name,0,
Base Camp Peru,PE,"Surquillo, Lima",seed-1708,seed-1722,T2-same-name,0,
VERTICAL Gimnasio de Escalada,PE,"Jesús María, Lima",seed-1709,seed-1723,T2-same-name,0,
Pirqa,PE,"Miraflores, Lima",seed-1710,seed-1724,T2-same-name,0,
Bloque,PE,Lima,seed-1711,seed-1725,T2-same-name,0,
Boulderhane,TR,"Şişli, Istanbul",seed-1712,seed-1726,T2-same-name,0,
Bursa Tırmanış Evi,TR,"Osmangazi, Bursa",seed-1713,seed-1727,T2-same-name,0,
BoulderEs,TR,"Odunpazarı, Eskişehir",seed-1714,seed-1728,T2-same-name,0,
Falkors Bouldering Center,LV,"Teika, Riga",seed-1715,seed-1729,T2-same-name,0,
Virsotne Climbing Gym,LV,"Sarkandaugava, Riga",seed-1716,seed-1730,T2-same-name,0,
Ground Up Climbing,SG,Kallang,seed-1717,seed-1731,T2-same-name,0,
Yishun Safra Climbing Centre,SG,Yishun,seed-1718,seed-1732,T2-same-name,0,
Indoor Wall Foča,BA,Foča,seed-1719,seed-1733,T2-same-name,0,
ASPK Neretva,BA,Mostar,seed-1720,seed-1734,T2-same-name,0,
Flamingo Loophole,BA,Bihać,seed-1721,seed-1735,T2-same-name,0,
Climbing Club Extreme,BA,Banja Luka,seed-1722,seed-1736,T2-same-name,0,
BlocCafè Gym Boulder,AD,Andorra la Vella,seed-1723,seed-1737,T2-same-name,0,
BlocCafè Climbing,AD,Andorra la Vella,seed-1724,seed-1738,T2-same-name,0,
Centre Esportiu Serradells,AD,Andorra la Vella,seed-1725,seed-1739,T2-same-name,0,
Palau de Gel,AD,Canillo,seed-1726,seed-1740,T2-same-name,0,
Centre Esportiu Pas de la Casa,AD,Pas de la Casa,seed-1727,seed-1741,T2-same-name,0,
Rocòdrom Fiter i Rossell,AD,Escaldes-Engordany,seed-1728,seed-1742,T2-same-name,0,
Altitude Gym Kanata,CA,"Kanata, Ottawa",seed-1729,seed-1743,T2-same-name,0,
Grand River Rocks,CA,Kitchener,seed-1730,seed-1744,T2-same-name,0,
Up the Bloc,CA,"Dixie, Mississauga",seed-1731,seed-1745,T2-same-name,0,
True North Climbing,CA,"Downsview, Toronto",seed-1732,seed-1746,T2-same-name,0,
Boulderz Climbing Centre - Etobicoke,CA,"Etobicoke, Toronto",seed-1733,seed-1747,T2-same-name,0,
Boulderz Climbing Centre - Mississauga,CA,"Meadowvale Business Park, Mississauga",seed-1734,seed-1748,T2-same-name,0,
Le Mouv' espace bloc,CA,"Saint-Michel, Montreal",seed-1735,seed-1749,T2-same-name,0,
Bomber Boulders,CA,Port Alberni,seed-1736,seed-1750,T2-same-name,0,
Gravity Lab,TH,Bangkok Noi,seed-1737,seed-1751,T2-same-name,0,
Stonegoat Climbing Gym,TH,"Phra Khanong Nuea, Watthana",seed-1738,seed-1752,T2-same-name,0,
Proclimber Gym,TH,Bangkok Yai,seed-1739,seed-1753,T2-same-name,0,
Urban Playground Climbing,TH,"Khlong Tan Nuea, Watthana",seed-1740,seed-1754,T2-same-name,0,
V Once Escalada,AR,"Balvanera (Once), CABA",seed-1741,seed-1755,T2-same-name,0,
Estación Vertical,AR,"Florida, Vicente López",seed-1742,seed-1756,T2-same-name,0,
Centro Andino Buenos Aires (CABA Sede Rivadavia),AR,"Almagro, CABA",seed-1743,seed-1757,T2-same-name,0,
Seoul Forest Climbing,KR,"Seongsu-dong, Seongdong-gu, Seoul",seed-1744,seed-1758,T2-same-name,0,
THE CLIMB Yeonnam,KR,"Yeonnam-dong, Mapo-gu, Seoul",seed-1745,seed-1759,T2-same-name,0,
Academy of Bouldering (AOB),CN,"Hongkou District, Shanghai",seed-1746,seed-1760,T2-same-name,0,
Benchmark 2.0,CN,"Hongkou District, Shanghai",seed-1747,seed-1761,T2-same-name,0,
1778 Climbing (Haichao Lu),CN,"Huangpu District, Shanghai",seed-1748,seed-1762,T2-same-name,0,
Stonehaven,CN,"Xuhui District, Shanghai",seed-1749,seed-1763,T2-same-name,0,
Howl Shanghai,CN,"Putuo District, Shanghai",seed-1750,seed-1764,T2-same-name,0,
Boulder Zone,AE,"Al Quoz Industrial 1, Dubai",seed-1751,seed-1765,T2-same-name,0,
Mountain Extreme,AE,"Al Quoz 3, Dubai",seed-1752,seed-1766,T2-same-name,0,
Rock Republic,AE,"Dubai Investment Park 1, Dubai",seed-1753,seed-1767,T2-same-name,0,
Rock Republic Al Qusais,AE,"Al Qusais 3, Dubai",seed-1754,seed-1768,T2-same-name,0,
GoClimb,AE,"Dubai Investment Park 1, Dubai",seed-1755,seed-1769,T2-same-name,0,
CLYMB Abu Dhabi,AE,"Yas Island, Abu Dhabi",seed-1756,seed-1770,T2-same-name,0,
Train Galleria (bouldering area),AE,"Al Maryah Island, Abu Dhabi",seed-1757,seed-1771,T2-same-name,0,
RedRock Climbing Center,LU,Soleuvre,seed-1758,seed-1772,T2-same-name,0,
BKL - Boulder Klub Letzebuerg,LU,"Pfaffenthal, Luxembourg City",seed-1759,seed-1773,T2-same-name,0,
Coque Climbing Wall,LU,"Kirchberg, Luxembourg City",seed-1760,seed-1774,T2-same-name,0,
D-Summit,LU,Dudelange,seed-1761,seed-1775,T2-same-name,0,
BlocX Urban Fitness,LU,Esch-sur-Alzette,seed-1762,seed-1776,T2-same-name,0,
S.K. Lucky,GE,"Saburtalo, Tbilisi",seed-1763,seed-1777,T2-same-name,0,
Pro Climbers,GE,"Vera, Tbilisi",seed-1764,seed-1778,T2-same-name,0,
Club 71,GE,"Vake, Tbilisi",seed-1765,seed-1779,T2-same-name,0,
M. Khergiani Climbing Gym,GE,"Vake, Tbilisi",seed-1766,seed-1780,T2-same-name,0,
Plezalni center Ljubljana,SI,Ljubljana (Stepanjsko naselje),seed-1767,seed-1781,T2-same-name,0,
Bolder Scena Ljubljana,SI,Ljubljana (Siska),seed-1768,seed-1782,T2-same-name,0,
Balvanija,SI,Ljubljana (Bezigrad),seed-1769,seed-1783,T2-same-name,0,
Bolder Scena Kranj,SI,Kranj,seed-1770,seed-1784,T2-same-name,0,
Plezarna,SI,Kranj (Britof),seed-1771,seed-1785,T2-same-name,0,
Plezalni center Celje,SI,Celje,seed-1772,seed-1786,T2-same-name,0,
Bolderaj,SI,Celje,seed-1773,seed-1787,T2-same-name,0,
Klajmber,SI,Maribor,seed-1774,seed-1788,T2-same-name,0,
Plezalni center Slovenska Bistrica,SI,Slovenska Bistrica,seed-1775,seed-1789,T2-same-name,0,
Plezalni center Verd,SI,Vrhnika (Verd),seed-1776,seed-1790,T2-same-name,0,
Plus Climbing Koper,SI,Koper (next to Bonifika stadium),seed-1777,seed-1791,T2-same-name,0,
Balvanski plezalni center Friksn,SI,Novo mesto (Kosenice),seed-1778,seed-1792,T2-same-name,0,
Climbing Ranch (D'Ranch),SI,Vrbnje (Radovljica),seed-1779,seed-1793,T2-same-name,0,
DES Climbing Gym,SI,Sempeter pri Gorici,seed-1780,seed-1794,T2-same-name,0,
Skala Boulder,KZ,Almaty (Bostandyk District),seed-1781,seed-1795,T2-same-name,0,
Cave Boulder,KZ,Almaty (Almaly District),seed-1782,seed-1796,T2-same-name,0,
CozyRock,KZ,"Almaty (Alatau, Altyn Bulak-2)",seed-1783,seed-1797,T2-same-name,0,
SKALA Climbing Gym,KZ,"Almaty (Bostandyk, Khan-Tengri microdistrict)",seed-1784,seed-1798,T2-same-name,0,
Skala Climbing Gym (KeruenCity),KZ,Astana (Nura District),seed-1785,seed-1799,T2-same-name,0,
Climbers Garden,KZ,Astana (Yesil District),seed-1786,seed-1800,T2-same-name,0,
NU Climbing (Nazarbayev University Athletic Center),KZ,Astana (Nura District),seed-1787,seed-1801,T2-same-name,0,
Eskalar (El Spot),CR,"Guachipelin, Escazu",seed-1788,seed-1802,T2-same-name,0,
Ascend Climbing & Fitness (San Pablo),CR,San Pablo,seed-1789,seed-1803,T2-same-name,0,
Ascend Boulder Room,CR,Pirro,seed-1790,seed-1804,T2-same-name,0,
Rock Climbing Costa Rica (Jaco),CR,Jaco,seed-1791,seed-1805,T2-same-name,0,
TamaRocks Climbing & Fitness,CR,La Garita Nueva (near Tamarindo),seed-1792,seed-1806,T2-same-name,0,
Altitude Liberia,CR,"Cambalache, Liberia",seed-1793,seed-1807,T2-same-name,0,
Raccoon Climbing House,CR,San Blas,seed-1794,seed-1808,T2-same-name,0,
Plato,BY,Minsk (Tsentralny district),seed-1795,seed-1809,T2-same-name,0,
Trapezia,BY,Minsk (Leninsky district),seed-1796,seed-1810,T2-same-name,0,
Dinamo climbing wall,BY,Minsk (Leninsky district),seed-1797,seed-1811,T2-same-name,0,
Vershina,BY,Brest (athletics arena),seed-1798,seed-1812,T2-same-name,0,
GAGARIN sports and entertainment centre climbing,BY,Grodno (Oktyabrsky district),seed-1799,seed-1813,T2-same-name,0,
MBC Montevideo Boulder Club,UY,"Villa Dolores (Parque Batlle), Montevideo",seed-1800,seed-1814,T2-same-name,0,
Escalada Charrua,UY,"La Figurita / La Comercial, Montevideo",seed-1801,seed-1815,T2-same-name,0,
Liquen Escalada y Bouldering,UY,"Barrio El Molino, Maldonado",seed-1802,seed-1816,T2-same-name,0,
Jupi Boulder,UY,Paso de los Toros,seed-1803,seed-1817,T2-same-name,0,
El Muro Paysandu,UY,Paysandu,seed-1804,seed-1818,T2-same-name,0,
Climb Up,SA,"Al Aarid, Riyadh",seed-1805,seed-1819,T2-same-name,0,
The Cave Alnakheel,SA,"An Nakheel, Riyadh",seed-1806,seed-1820,T2-same-name,0,
The Cave Alhamra,SA,"Al Hamra, Riyadh",seed-1807,seed-1821,T2-same-name,0,
Dyno Rock Climbing,SA,"Al Nahdah, Dammam",seed-1808,seed-1822,T2-same-name,0,
Jigsaw Climbing,SA,"Al Zahra, Jeddah",seed-1809,seed-1823,T2-same-name,0,
JUST CLIMB San Po Kong,HK,San Po Kong,seed-1810,seed-1824,T2-same-name,0,
JUST CLIMB Tuen Mun,HK,Tuen Mun,seed-1811,seed-1825,T2-same-name,0,
JUST CLIMB Shek Mun,HK,"Shek Mun, Sha Tin",seed-1812,seed-1826,T2-same-name,0,
JUST CLIMB Tai Koo,HK,Quarry Bay,seed-1813,seed-1827,T2-same-name,0,
JUST CLIMB Tseung Kwan O,HK,Tseung Kwan O,seed-1814,seed-1828,T2-same-name,0,
JUST CLIMB Tsuen Wan,HK,Tsuen Wan,seed-1815,seed-1829,T2-same-name,0,
JUST CLIMB Kai Tak Sports Park,HK,Kai Tak,seed-1816,seed-1830,T2-same-name,0,
Verm City,HK,Quarry Bay,seed-1817,seed-1831,T2-same-name,0,
Attic V Climbing Gym,HK,Wong Chuk Hang,seed-1818,seed-1832,T2-same-name,0,
Proxy Climbing,HK,Quarry Bay,seed-1819,seed-1833,T2-same-name,0,
n bouldering,HK,Wan Chai,seed-1820,seed-1834,T2-same-name,0,
Keep Climbing Gym,HK,Sheung Wan,seed-1821,seed-1835,T2-same-name,0,
Boardroom,HK,Wan Chai,seed-1822,seed-1836,T2-same-name,0,
Campus Climbing,HK,Jordan,seed-1823,seed-1837,T2-same-name,0,
CRUX Boulder Gym,HK,Prince Edward,seed-1824,seed-1838,T2-same-name,0,
Project_ climb & boulder HK,HK,Kowloon Bay,seed-1825,seed-1839,T2-same-name,0,
The Player Climbingym,HK,Lai Chi Kok / Mei Foo,seed-1826,seed-1840,T2-same-name,0,
Mizu Climbing,HK,Tai Kok Tsui,seed-1827,seed-1841,T2-same-name,0,
Climberland,HK,Tai Kok Tsui,seed-1828,seed-1842,T2-same-name,0,
Tanuki Bouldering,HK,To Kwa Wan,seed-1829,seed-1843,T2-same-name,0,
Sheung Shan Rock Gym (尚山岩舘),HK,Sham Shui Po,seed-1830,seed-1844,T2-same-name,0,
GoNature Climbing Gym,HK,Kwun Tong,seed-1831,seed-1845,T2-same-name,0,
BoulderMAD Climbing Gym,HK,Ngau Tau Kok,seed-1832,seed-1846,T2-same-name,0,
Hong Kong Climbing Park (Sha Tin),HK,Sha Tin,seed-1833,seed-1847,T2-same-name,0,
Camp Four Bouldering Gym,HK,Sha Tin,seed-1834,seed-1848,T2-same-name,0,
Vita Beta Climbing Gym (Tsuen Wan),HK,Tsuen Wan,seed-1835,seed-1849,T2-same-name,0,
Butterfly Climbing Gym,HK,Kwai Chung,seed-1836,seed-1850,T2-same-name,0,
Urban Stone Climbing Gym,HK,Kwai Chung,seed-1837,seed-1851,T2-same-name,0,
Top Out Climbing,HK,Tuen Mun,seed-1838,seed-1852,T2-same-name,0,
Ascent Indoor Climbing - Sheikh Zayed,EG,Sheikh Zayed City,seed-1839,seed-1853,T2-same-name,0,
Ascent Indoor Climbing - Maadi,EG,Maadi,seed-1840,seed-1854,T2-same-name,0,
Boulder,QA,"Aspire Zone (Baaya), Doha",seed-1841,seed-1855,T2-same-name,0,
EsQalar Sports (Fairmont Doha indoor wall),QA,Lusail (Marina District),seed-1842,seed-1856,T2-same-name,0,
Climb BlueSky,KE,"Parklands, Nairobi",seed-1843,seed-1857,T2-same-name,0,
Mt Kenya Climbing Gym,KE,"Nanyuki (about 4 km from town, on the Nairobi road near Sarafina)",seed-1844,seed-1858,T2-same-name,0,
Tacaná Climbing Gym,GT,Antigua Guatemala,seed-1845,seed-1859,T2-same-name,0,
Big Mountain Escalódromo,GT,"Zona 9, Ciudad de Guatemala",seed-1846,seed-1860,T2-same-name,0,
Casa Boulder (Proyecto Casa Boulder / Extreme Climber),GT,"Nueva Montserrat, Zona 3, Mixco",seed-1847,seed-1861,T2-same-name,0,
Venga Atitlán Bouldering Gym,GT,San Marcos La Laguna (Lake Atitlan),seed-1848,seed-1862,T2-same-name,0,
Ver Var Climbing,AM,"Kentron, Yerevan",seed-1849,seed-1863,T2-same-name,0,
Boulderland Yerevan,AM,"Kentron, Yerevan",seed-1850,seed-1864,T2-same-name,0,
Grand Sport Complex (indoor climbing wall),AM,"Shengavit, Yerevan",seed-1851,seed-1865,T2-same-name,0,
Bold Adventure Park,LB,Hazmieh,seed-1852,seed-1866,T2-same-name,0,
U ROCK Climbing,LB,Jdeideh,seed-1853,seed-1867,T2-same-name,0,
Go Up Climbing Club,LB,Saida (Sidon),seed-1854,seed-1868,T2-same-name,0,
Climbat Amman,JO,"Naour, Amman",seed-1855,seed-1869,T2-same-name,0,
Badiya by BarBedu,JO,"Jabal Al-Lweibdeh, Amman",seed-1856,seed-1870,T2-same-name,0,
Ascend Climbing & Bouldering (The South Wall),NP,"Jhamsikhel, Lalitpur",seed-1857,seed-1871,T2-same-name,0,
West Indoor Sport Hub (WISH) Climbing,NP,"Lakeside, Pokhara",seed-1858,seed-1872,T2-same-name,0,
Mali Alpinisticki Klub (MAK) Podgorica climbing gym,ME,"Stari Aerodrom, Podgorica",seed-1859,seed-1873,T2-same-name,0,
Boka Place Climbing Wall (BLKMTN),ME,"Porto Montenegro, Tivat",seed-1860,seed-1874,T2-same-name,0,
Encanto Sport Complex,MN,"Ulaanbaatar (Ikh Mongol St, BZD-26 khoroo)",seed-1861,seed-1875,T2-same-name,0,
CLIMB Partner,MN,Ulaanbaatar (near National Park Town / Dunjingarav shopping centre),seed-1862,seed-1876,T2-same-name,0,
Adventure World (Adventure Wall) - Mall of Muscat,OM,"Al Mabelah (Al Maabilah), Seeb",seed-1863,seed-1877,T2-same-name,0,
Outward Bound Oman - Muscat Training Centre Climbing Wall,OM,"Al Khoud 6, Seeb",seed-1864,seed-1878,T2-same-name,0,
Club de Escalada,PY,Asuncion,seed-1865,seed-1879,T2-same-name,0,
La Roca Boulder,PY,Luque,seed-1866,seed-1880,T2-same-name,0,
Cheongju Rak Climbing Center (청주락클라이밍센터),KR,"Cheongwon-gu, Cheongju, Chungcheongbuk-do",seed-1867,seed-1227,T2-same-name,0,
Tagy Climbing Center (타기클라이밍센터),KR,"Sangdang-gu, Cheongju, Chungcheongbuk-do",seed-1868,seed-1228,T2-same-name,0,
Oullac Climbing Gym (오르락클라이밍짐),KR,"Chungju, Chungcheongbuk-do",seed-1869,seed-1229,T2-same-name,0,
Cheongju International Sports Climbing Center (청주국제스포츠클라이밍센터),KR,"Naesu-eup, Cheongwon-gu, Cheongju, Chungcheongbuk-do",seed-1870,seed-1230,T2-same-name,0,
Flow Climb (플로우클라임),KR,"Gyeongju, Gyeongsangbuk-do",seed-1871,seed-1231,T2-same-name,0,
Olla Climbing Center (올라클라이밍센터),KR,"Hayang-eup, Gyeongsan, Gyeongsangbuk-do",seed-1872,seed-1232,T2-same-name,0,
Norbo Climbing (노보클라이밍),KR,"Gumi, Gyeongsangbuk-do",seed-1873,seed-1233,T2-same-name,0,
Pohang Spider Climbing (포항 스파이더 클라이밍),KR,"Ocheon-eup, Pohang, Gyeongsangbuk-do",seed-1874,seed-1234,T2-same-name,0,
Jeonju Hola Climbing Center (전주올라클라이밍센터),KR,"Deokjin-gu, Jeonju, Jeollabuk-do",seed-1875,seed-1235,T2-same-name,0,
Hans Climbing (Jeonju) (한스클라이밍 전주점),KR,"Deokjin-gu, Jeonju, Jeollabuk-do",seed-1876,seed-1236,T2-same-name,0,
Gunsan Climbing Center ((사)군산클라이밍스포츠클럽),KR,"Gunsan, Jeollabuk-do",seed-1877,seed-1237,T2-same-name,0,
Gunsan Sports Climbing Center (군산스포츠클라이밍센타),KR,"Gunsan, Jeollabuk-do",seed-1878,seed-1238,T2-same-name,0,
ClimbFarm (Iksan) (클라임팜),KR,"Iksan, Jeollabuk-do",seed-1879,seed-1239,T2-same-name,0,
Ascent Climbing Manseong (Jeonju) (어센트클라이밍 만성점),KR,"Deokjin-gu, Jeonju, Jeollabuk-do",seed-1880,seed-1240,T2-same-name,0,