repo_gym,country,repo_id,live_gym_with_that_id,will_become
Arkose - Madrid,ES,seed-1227,Cheongju Rak Climbing Center (청주락클라이밍센터),seed-1241
Boulder Madrid,ES,seed-1228,Tagy Climbing Center (타기클라이밍센터),seed-1242
Bulder Queen - Madrid,ES,seed-1229,Oullac Climbing Gym (오르락클라이밍짐),seed-1243
Espacio Acción - Madrid,ES,seed-1230,Cheongju International Sports Climbing Center (청주국제스포츠클라이밍센터),seed-1244
Monkey Fingers - Madrid,ES,seed-1231,Flow Climb (플로우클라임),seed-1245
Roc 30 FMM - Madrid,ES,seed-1232,Olla Climbing Center (올라클라이밍센터),seed-1246
rockOMadrid,ES,seed-1233,Norbo Climbing (노보클라이밍),seed-1247
RockTown Climbing - Madrid,ES,seed-1234,Pohang Spider Climbing (포항 스파이더 클라이밍),seed-1248
Salamandra Boulder Café - Madrid,ES,seed-1235,Jeonju Hola Climbing Center (전주올라클라이밍센터),seed-1249
Sharma Climbing - Madrid,ES,seed-1236,Hans Climbing (Jeonju) (한스클라이밍 전주점),seed-1250
Sputnik Climbing - Chamberí Madrid,ES,seed-1237,Gunsan Climbing Center ((사)군산클라이밍스포츠클럽),seed-1251
Sputnik Climbing - Legazpi,ES,seed-1238,Gunsan Sports Climbing Center (군산스포츠클라이밍센타),seed-1252
Urban Monkey - Madrid,ES,seed-1239,ClimbFarm (Iksan) (클라임팜),seed-1253
Uuadibloc - Madrid,ES,seed-1240,Ascent Climbing Manseong (Jeonju) (어센트클라이밍 만성점),seed-1254
9a Poblenou Climbing - Rocòdrom Barcelona,ES,seed-1241,Arkose - Madrid,seed-1255
Bloc District - Barcelona Marina,ES,seed-1242,Boulder Madrid,seed-1256
Bloc District - Barcelona Tetuan,ES,seed-1243,Bulder Queen - Madrid,seed-1257
Climbat - La Foixarda Barcelona,ES,seed-1244,Espacio Acción - Madrid,seed-1258
"Indoorwall - El Clot, Barcelona",ES,seed-1245,Monkey Fingers - Madrid,seed-1259
"Monobloc - La Sagrera, Barcelona",ES,seed-1246,Roc 30 FMM - Madrid,seed-1260
"Monobloc - Sants, Barcelona",ES,seed-1247,rockOMadrid,seed-1261
Sharma Climbing - Barcelona,ES,seed-1248,RockTown Climbing - Madrid,seed-1262
Escala 25 - Lisboa,PT,seed-1249,Salamandra Boulder Café - Madrid,seed-1263
Rocódromo FCMP Casal Vistoso - Lisboa,PT,seed-1250,Sharma Climbing - Madrid,seed-1264
Vertigo - Lisboa,PT,seed-1251,Sputnik Climbing - Chamberí Madrid,seed-1265
Coimbra Climbing,PT,seed-1252,Sputnik Climbing - Legazpi,seed-1266
upa! Climbing Center - Coimbra,PT,seed-1253,Urban Monkey - Madrid,seed-1267
São Rock - Porto,PT,seed-1254,Uuadibloc - Madrid,seed-1268
The North Wall - Porto,PT,seed-1255,9a Poblenou Climbing - Rocòdrom Barcelona,seed-1269
Blockfabrik,AT,seed-1256,Bloc District - Barcelona Marina,seed-1270
Boulderbar - Hannovergasse,AT,seed-1257,Bloc District - Barcelona Tetuan,seed-1271
Boulderbar - Hauptbahnhof,AT,seed-1258,Climbat - La Foixarda Barcelona,seed-1272
Boulderbar - Seestadt,AT,seed-1259,"Indoorwall - El Clot, Barcelona",seed-1273
Boulderbar - Wienerberg,AT,seed-1260,"Monobloc - La Sagrera, Barcelona",seed-1274
Boulder Monkeys - Wien,AT,seed-1261,"Monobloc - Sants, Barcelona",seed-1275
Climb On Marswiese - Wien,AT,seed-1262,Sharma Climbing - Barcelona,seed-1276
Das Flash - Wien,AT,seed-1263,Escala 25 - Lisboa,seed-1277
Edelweiss - Hegelgasse,AT,seed-1264,Rocódromo FCMP Casal Vistoso - Lisboa,seed-1278
Edelweiss - Walfischgasse Wien,AT,seed-1265,Vertigo - Lisboa,seed-1279
Kletteranlage Flakturm - Wien,AT,seed-1266,Coimbra Climbing,seed-1280
Kletterhalle Wien,AT,seed-1267,upa! Climbing Center - Coimbra,seed-1281
ÖTK Kletterhalle - Wien,AT,seed-1268,São Rock - Porto,seed-1282
BLOC house - Boulderhalle,AT,seed-1269,The North Wall - Porto,seed-1283
Boulderclub - Graz,AT,seed-1270,Blockfabrik,seed-1284
City Adventure Center CAC - Graz,AT,seed-1271,Boulderbar - Hannovergasse,seed-1285
Newton - Graz,AT,seed-1272,Boulderbar - Hauptbahnhof,seed-1286
Der Steinbock - Linz,AT,seed-1273,Boulderbar - Seestadt,seed-1287
Kletterhalle Linz/Auwiesen,AT,seed-1274,Boulderbar - Wienerberg,seed-1288
Kletterzentrum AM TURM - Linz,AT,seed-1275,Boulder Monkeys - Wien,seed-1289
boulderbar - Salzburg,AT,seed-1276,Climb On Marswiese - Wien,seed-1290
Kletterhalle Salzburg,AT,seed-1277,Das Flash - Wien,seed-1291
Minimum - Flüela Zürich,CH,seed-1278,Edelweiss - Hegelgasse,seed-1292
Minimum - Zürich Leutsch,CH,seed-1279,Edelweiss - Walfischgasse Wien,seed-1293
ELYS Boulderloft - Basel,CH,seed-1280,Kletteranlage Flakturm - Wien,seed-1294
Kletterhalle 7 - Basel,CH,seed-1281,Kletterhalle Wien,seed-1295
Bimano - Zentweg,CH,seed-1282,ÖTK Kletterhalle - Wien,seed-1296
BoulderBad Muubeeri - Bern,CH,seed-1283,BLOC house - Boulderhalle,seed-1297
6a plus - Winterthur,CH,seed-1284,Boulderclub - Graz,seed-1298
Blockfeld Boulderpark & Bistro,CH,seed-1285,City Adventure Center CAC - Graz,seed-1299
Arena Wspinaczkowa Makak,PL,seed-1286,Newton - Graz,seed-1300
Camp4 Climbing Hall,PL,seed-1287,Der Steinbock - Linz,seed-1301
Climbing Centre ON SIGHT,PL,seed-1288,Kletterhalle Linz/Auwiesen,seed-1302
Crux Boulder - Warszawa,PL,seed-1289,Kletterzentrum AM TURM - Linz,seed-1303
Murall Centrum Wspinaczkowe + FunClimb,PL,seed-1290,boulderbar - Salzburg,seed-1304
Murall Krakowska,PL,seed-1291,Kletterhalle Salzburg,seed-1305
Obiekto,PL,seed-1292,Minimum - Flüela Zürich,seed-1306
Stacja Grawitacja Warszawa,PL,seed-1293,Minimum - Zürich Leutsch,seed-1307
VOLT Boulderownia,PL,seed-1294,ELYS Boulderloft - Basel,seed-1308
WEST Bouldering,PL,seed-1295,Kletterhalle 7 - Basel,seed-1309
Wgórę. Climbing wall,PL,seed-1296,Bimano - Zentweg,seed-1310
Climbing Centre Tarnogaj,PL,seed-1297,BoulderBad Muubeeri - Bern,seed-1311
Climbing wall FPINKA,PL,seed-1298,6a plus - Winterthur,seed-1312
EIGER - Ściana wspinaczkowa,PL,seed-1299,Blockfeld Boulderpark & Bistro,seed-1313
Fabryczna Boulder,PL,seed-1300,Arena Wspinaczkowa Makak,seed-1314
Flow Climbing Space,PL,seed-1301,Camp4 Climbing Hall,seed-1315
Groto bulderownia,PL,seed-1302,Climbing Centre ON SIGHT,seed-1316
Lokal 32 Boulderownia Wrocław,PL,seed-1303,Crux Boulder - Warszawa,seed-1317
WOW Zerwa,PL,seed-1304,Murall Centrum Wspinaczkowe + FunClimb,seed-1318
AVATAR Balicka Boulder,PL,seed-1305,Murall Krakowska,seed-1319
Avatar Centrala Ruchu,PL,seed-1306,Obiekto,seed-1320
CUBE Baldy,PL,seed-1307,Stacja Grawitacja Warszawa,seed-1321
Fortress - Climbing Centre,PL,seed-1308,VOLT Boulderownia,seed-1322
MOOD Kraków,PL,seed-1309,WEST Bouldering,seed-1323
Reni-Sport,PL,seed-1310,Wgórę. Climbing wall,seed-1324
Slab Bouldering Kraków,PL,seed-1311,Climbing Centre Tarnogaj,seed-1325
Climbing Spot - Pułaskiego,PL,seed-1312,Climbing wall FPINKA,seed-1326
Climbing Spot - Widłakowa,PL,seed-1313,EIGER - Ściana wspinaczkowa,seed-1327
Groto Poznań Boulderownia,PL,seed-1314,Fabryczna Boulder,seed-1328
Karma Centrum Wspinaczkowe,PL,seed-1315,Flow Climbing Space,seed-1329
Ścianka Wspinaczkowa Blok Line,PL,seed-1316,Groto bulderownia,seed-1330
Beta Boulders - Østerbro,DK,seed-1317,Lokal 32 Boulderownia Wrocław,seed-1331
Beta Boulders - Sydhavn,DK,seed-1318,WOW Zerwa,seed-1332
Beta Boulders - Vanløse,DK,seed-1319,AVATAR Balicka Boulder,seed-1333
Boulders - Amager,DK,seed-1320,Avatar Centrala Ruchu,seed-1334
Boulders - CPH Sydhavn,DK,seed-1321,CUBE Baldy,seed-1335
Boulders - Valby,DK,seed-1322,Fortress - Climbing Centre,seed-1336
Nørrebro Klatreklub,DK,seed-1323,MOOD Kraków,seed-1337
Boulders - Odense,DK,seed-1324,Reni-Sport,seed-1338
OBK - Odense Boulderklub,DK,seed-1325,Slab Bouldering Kraków,seed-1339
Odense Sportsklatreklub,DK,seed-1326,Climbing Spot - Pułaskiego,seed-1340
OKK - Odense Klatreklub,DK,seed-1327,Climbing Spot - Widłakowa,seed-1341
Boulders - Aarhus City,DK,seed-1328,Groto Poznań Boulderownia,seed-1342
Boulders - Aarhus Nord,DK,seed-1329,Karma Centrum Wspinaczkowe,seed-1343
Aalborg Klatreklub,DK,seed-1330,Ścianka Wspinaczkowa Blok Line,seed-1344
Boulder Center Pasila,FI,seed-1331,Beta Boulders - Østerbro,seed-1345
Boulderkeskus - Herttoniemi,FI,seed-1332,Beta Boulders - Sydhavn,seed-1346
Boulderkeskus Kino,FI,seed-1333,Beta Boulders - Vanløse,seed-1347
Boulderkeskus Konala,FI,seed-1334,Boulders - Amager,seed-1348
Helsinki Climbing Center,FI,seed-1335,Boulders - CPH Sydhavn,seed-1349
Kiipeilyareena - Kalasatama,FI,seed-1336,Boulders - Valby,seed-1350
KiipeilyAreena Ristikko - Konala,FI,seed-1337,Nørrebro Klatreklub,seed-1351
KiipeilyAreena Salmisaari,FI,seed-1338,Boulders - Odense,seed-1352
Ladeo Oy,FI,seed-1339,OBK - Odense Boulderklub,seed-1353
yogaROCKS,FI,seed-1340,Odense Sportsklatreklub,seed-1354
Kaamos Climbing,FI,seed-1341,OKK - Odense Klatreklub,seed-1355
Oulu Climbing Center,FI,seed-1342,Boulders - Aarhus City,seed-1356
Tampere Climbing Center,FI,seed-1343,Boulders - Aarhus Nord,seed-1357
Tampereen Kiipeilykeskus,FI,seed-1344,Aalborg Klatreklub,seed-1358
Bloc Climbing Gym,IE,seed-1345,Boulder Center Pasila,seed-1359
Gravity Climbing Centre,IE,seed-1346,Boulderkeskus - Herttoniemi,seed-1360
The Dublin Climbing Centre,IE,seed-1347,Boulderkeskus Kino,seed-1361
The Wall Climbing Gym,IE,seed-1348,Boulderkeskus Konala,seed-1362
Awesome Walls - Dublin,IE,seed-1349,Helsinki Climbing Center,seed-1363
HikeandClimb,IE,seed-1350,Kiipeilyareena - Kalasatama,seed-1364
Suas Climbing Centre,IE,seed-1351,KiipeilyAreena Ristikko - Konala,seed-1365
Awesome Walls - Cork,IE,seed-1352,KiipeilyAreena Salmisaari,seed-1366
UL Sport Climbing Wall,IE,seed-1353,Ladeo Oy,seed-1367
Vulkan Klatresenter,NO,seed-1354,yogaROCKS,seed-1368
Klatreverket,NO,seed-1355,Kaamos Climbing,seed-1369
Oslo Klatresenter,NO,seed-1356,Oulu Climbing Center,seed-1370
Bergenshallen,NO,seed-1357,Tampere Climbing Center,seed-1371
Lehmkuhlhallen,NO,seed-1358,Tampereen Kiipeilykeskus,seed-1372
Bergen Klatresenter - Laksevåg,NO,seed-1359,Bloc Climbing Gym,seed-1373
Bergen Klatresenter - Kokstad,NO,seed-1360,Gravity Climbing Centre,seed-1374
Trondheim Klatresenter,NO,seed-1361,The Dublin Climbing Centre,seed-1375
Gekko Klatring,NO,seed-1362,The Wall Climbing Gym,seed-1376
Trondheim Buldresenter,NO,seed-1363,Awesome Walls - Dublin,seed-1377
Klatrefabrikken Stavanger,NO,seed-1364,HikeandClimb,seed-1378
SiS Sports Center,NO,seed-1365,Suas Climbing Centre,seed-1379
Mørkvedhallen klatresenter,NO,seed-1366,Awesome Walls - Cork,seed-1380
Slaktehallen Buldrorado,NO,seed-1367,UL Sport Climbing Wall,seed-1381
Hemsedal klatresenter,NO,seed-1368,Vulkan Klatresenter,seed-1382
Klatreverket Kristiansand,NO,seed-1369,Klatreverket,seed-1383
Kristiansund Klatresenter,NO,seed-1370,Oslo Klatresenter,seed-1384
Tyrili Klatring,NO,seed-1371,Bergenshallen,seed-1385
Sparebanken Møre Arena,NO,seed-1372,Lehmkuhlhallen,seed-1386
Skien Fritidspark,NO,seed-1373,Bergen Klatresenter - Laksevåg,seed-1387
Adamanta Escandón,MX,seed-1374,Bergen Klatresenter - Kokstad,seed-1388
Adamanta Santa Fé,MX,seed-1375,Trondheim Klatresenter,seed-1389
Amanecer Climbing,MX,seed-1376,Gekko Klatring,seed-1390
Loop Climbing Center,MX,seed-1377,Trondheim Buldresenter,seed-1391
Onix Sala De Escalada,MX,seed-1378,Klatrefabrikken Stavanger,seed-1392
RockSolid,MX,seed-1379,SiS Sports Center,seed-1393
TOKA climbing,MX,seed-1380,Mørkvedhallen klatresenter,seed-1394
V+ Bouldering & Sport Center,MX,seed-1381,Slaktehallen Buldrorado,seed-1395
Adamanta Sierra,MX,seed-1382,Hemsedal klatresenter,seed-1396
Delta Indoor Climbing Club,MX,seed-1383,Klatreverket Kristiansand,seed-1397
Mad Complex,MX,seed-1384,Kristiansund Klatresenter,seed-1398
Pico Norte - Tec Monterrey,MX,seed-1385,Tyrili Klatring,seed-1399
Frixiona,MX,seed-1386,Sparebanken Møre Arena,seed-1400
Xkala by Walltopia,MX,seed-1387,Skien Fritidspark,seed-1401
Motion Boulder,MX,seed-1388,Adamanta Escandón,seed-1402
Motion Boulder 2,MX,seed-1389,Adamanta Santa Fé,seed-1403
Casa de Pedra - Perdizes,BR,seed-1390,Amanecer Climbing,seed-1404
Casa de Pedra - Moema,BR,seed-1391,Loop Climbing Center,seed-1405
FABRICA Escalada - Itaim,BR,seed-1392,Onix Sala De Escalada,seed-1406
FABRICA Escalada - Chácara Santo Antônio,BR,seed-1393,RockSolid,seed-1407
FABRICA Escalada - Vila Madalena,BR,seed-1394,TOKA climbing,seed-1408
90 Graus,BR,seed-1395,V+ Bouldering & Sport Center,seed-1409
Evolução Escalada Indoor - Botafogo,BR,seed-1396,Adamanta Sierra,seed-1410
Summit Ginásio de Escalada,BR,seed-1397,Delta Indoor Climbing Club,seed-1411
Das Pedras - Espaço de Escalada,BR,seed-1398,Mad Complex,seed-1412
Up Escalada,BR,seed-1399,Pico Norte - Tec Monterrey,seed-1413
ROKAZ Academy Climbing and Fitness,BR,seed-1400,Frixiona,seed-1414
ROKAZ Unidade Buritis,BR,seed-1401,Xkala by Walltopia,seed-1415
Caverna Boulder,BR,seed-1402,Motion Boulder,seed-1416
UBT Escalada,BR,seed-1403,Motion Boulder 2,seed-1417
Via Aventura,BR,seed-1404,Casa de Pedra - Perdizes,seed-1418
Bigwall,HU,seed-1405,Casa de Pedra - Moema,seed-1419
Boulder Academy Budapest,HU,seed-1406,FABRICA Escalada - Itaim,seed-1420
Climberry,HU,seed-1407,FABRICA Escalada - Chácara Santo Antônio,seed-1421
fless!,HU,seed-1408,FABRICA Escalada - Vila Madalena,seed-1422
fless! Buda,HU,seed-1409,90 Graus,seed-1423
Flow Boulder,HU,seed-1410,Evolução Escalada Indoor - Botafogo,seed-1424
GI Boulder Club,HU,seed-1411,Summit Ginásio de Escalada,seed-1425
Gravity Boulder,HU,seed-1412,Das Pedras - Espaço de Escalada,seed-1426
Gravity CAMPUS,HU,seed-1413,Up Escalada,seed-1427
MAG47 Kft.,HU,seed-1414,ROKAZ Academy Climbing and Fitness,seed-1428
Monkey Boulder,HU,seed-1415,ROKAZ Unidade Buritis,seed-1429
Mountex Boulder,HU,seed-1416,Caverna Boulder,seed-1430
Spider Club,HU,seed-1417,UBT Escalada,seed-1431
SPOT Boulder,HU,seed-1418,Via Aventura,seed-1432
Spider Club Budaörs,HU,seed-1419,Bigwall,seed-1433
Spirit Boulder Budaörs,HU,seed-1420,Boulder Academy Budapest,seed-1434
Ba-Rock Boulder,HU,seed-1421,Climberry,seed-1435
Liget Boulder,HU,seed-1422,fless!,seed-1436
Mamouna Climbing Spot,GR,seed-1423,fless! Buda,seed-1437
Redpoint Athens Climbing Center,GR,seed-1424,Flow Boulder,seed-1438
Crux - Climbing gym,GR,seed-1425,GI Boulder Club,seed-1439
PXP Climbing,GR,seed-1426,Gravity Boulder,seed-1440
X CLIMB,GR,seed-1427,Gravity CAMPUS,seed-1441
"Epos Filis, Climbing Hall",GR,seed-1428,MAG47 Kft.,seed-1442
Mono by Athens Climbing Project,GR,seed-1429,Monkey Boulder,seed-1443
Apollon Kalymnos Climbing Academy,GR,seed-1430,Mountex Boulder,seed-1444
RockWay,GR,seed-1431,Spider Club,seed-1445
OAKA Indoor Climbing,GR,seed-1432,SPOT Boulder,seed-1446
THE WALL,GR,seed-1433,Spider Club Budaörs,seed-1447
Block - Patras,GR,seed-1434,Spirit Boulder Budaörs,seed-1448
City Fitness Next Gen,GR,seed-1435,Ba-Rock Boulder,seed-1449
HUDY Boulder Karlín,CZ,seed-1436,Liget Boulder,seed-1450
Boulder Bar,CZ,seed-1437,Mamouna Climbing Spot,seed-1451
Smichoff Climbing Center,CZ,seed-1438,Redpoint Athens Climbing Center,seed-1452
JamJam Boulder Gym,CZ,seed-1439,Crux - Climbing gym,seed-1453
Třináctka,CZ,seed-1440,PXP Climbing,seed-1454
BigWall Praha-Vysočany,CZ,seed-1441,X CLIMB,seed-1455
Climbing Gym Holešovice,CZ,seed-1442,"Epos Filis, Climbing Hall",seed-1456
DURO Climbing Gym,CZ,seed-1443,Mono by Athens Climbing Project,seed-1457
Klifurhúsið,IS,seed-1444,Apollon Kalymnos Climbing Academy,seed-1458
600Klifur,IS,seed-1445,RockWay,seed-1459
Kraftlyftingafélag Akureyrar,IS,seed-1446,OAKA Indoor Climbing,seed-1460
BLOKX Climbing Gym,RO,seed-1447,THE WALL,seed-1461
Carpatic Climbing Gym,RO,seed-1448,Block - Patras,seed-1462
Centrul Climb Again,RO,seed-1449,City Fitness Next Gen,seed-1463
Fabrica de Cățărat,RO,seed-1450,HUDY Boulder Karlín,seed-1464
Galactic Gym,RO,seed-1451,Boulder Bar,seed-1465
Natural High București,RO,seed-1452,Smichoff Climbing Center,seed-1466
Vertical Spirit,RO,seed-1453,JamJam Boulder Gym,seed-1467
Climb House Brasov,RO,seed-1454,Třináctka,seed-1468
Natural High Brașov,RO,seed-1455,BigWall Praha-Vysočany,seed-1469
Climbing Blokx Mures,RO,seed-1456,Climbing Gym Holešovice,seed-1470
HangOut Climbing Gym,RO,seed-1457,DURO Climbing Gym,seed-1471
One Move climbing Gym,RO,seed-1458,Klifurhúsið,seed-1472
Stone Age Climbing Space,RO,seed-1459,600Klifur,seed-1473
Central Climbing,RO,seed-1460,Kraftlyftingafélag Akureyrar,seed-1474
Free Wall,RO,seed-1461,BLOKX Climbing Gym,seed-1475
Gravity,RO,seed-1462,Carpatic Climbing Gym,seed-1476
SKAI Urban Crag,RO,seed-1463,Centrul Climb Again,seed-1477
Climb Again Climbing Hall,RO,seed-1464,Fabrica de Cățărat,seed-1478
Boulder Zona,HR,seed-1465,Galactic Gym,seed-1479
Fothia Velesajam dvorana za penjanje,HR,seed-1466,Natural High București,seed-1480
The Hive Zagreb - Climbing & Yoga,HR,seed-1467,Vertical Spirit,seed-1481
Climbing Center Marulianus,HR,seed-1468,Climb House Brasov,seed-1482
Spk Lapis,HR,seed-1469,Natural High Brașov,seed-1483
SPK ONSIGHT,HR,seed-1470,Climbing Blokx Mures,seed-1484
PK Elvis,HR,seed-1471,HangOut Climbing Gym,seed-1485
Climbing gym TNT,HR,seed-1472,One Move climbing Gym,seed-1486
Climbing wall Limestone,RU,seed-1473,Stone Age Climbing Space,seed-1487
RockZona boulderhouse,RU,seed-1474,Central Climbing,seed-1488
Skalodrom Bigwallsport na Dinamo,RU,seed-1475,Free Wall,seed-1489
Skalodrom Climb Lab,RU,seed-1476,Gravity,seed-1490
Klub Igels,RU,seed-1477,SKAI Urban Crag,seed-1491
Severnaya Stena Petrogradskaya Skalodrom,RU,seed-1478,Climb Again Climbing Hall,seed-1492
Skalodrom Tramontana,RU,seed-1479,Boulder Zona,seed-1493
Balkan Climbing,BG,seed-1480,Fothia Velesajam dvorana za penjanje,seed-1494
Bons - Europe climbing center,BG,seed-1481,The Hive Zagreb - Climbing & Yoga,seed-1495
Climb Academy,BG,seed-1482,Climbing Center Marulianus,seed-1496
Climbing and mountaineering NSA,BG,seed-1483,Spk Lapis,seed-1497
Climbing center Europe,BG,seed-1484,SPK ONSIGHT,seed-1498
Momentum Indoor Climbing Sofia,BG,seed-1485,PK Elvis,seed-1499
Varna Climbing,BG,seed-1486,Climbing gym TNT,seed-1500
Wall-Nut / MISA Climbing Systems,PH,seed-1487,Climbing wall Limestone,seed-1501
Kalay-at Climb Adventures,PH,seed-1488,RockZona boulderhouse,seed-1502
Kapit Tuko Indoor Climbing Gym,PH,seed-1489,Skalodrom Bigwallsport na Dinamo,seed-1503
Camp Sandugo,PH,seed-1490,Skalodrom Climb Lab,seed-1504
Bloc Boulder,PH,seed-1491,Klub Igels,seed-1505
Viajero Climbing Gym,PH,seed-1492,Severnaya Stena Petrogradskaya Skalodrom,seed-1506
Nature's Camp Rock Climbing Gym,PH,seed-1493,Skalodrom Tramontana,seed-1507
Ziggy's Tower,PH,seed-1494,Balkan Climbing,seed-1508
Caliraya Recreation Center,PH,seed-1495,Bons - Europe climbing center,seed-1509
Climb Central Manila,PH,seed-1496,Climb Academy,seed-1510
Sakattkadlagan Climbing Center,PH,seed-1497,Climbing and mountaineering NSA,seed-1511
Urban Peak Wall Climbing Center,PH,seed-1498,Climbing center Europe,seed-1512
Boulder Space,PH,seed-1499,Momentum Indoor Climbing Sofia,seed-1513
Good Climbs,PH,seed-1500,Varna Climbing,seed-1514
Flow State Bouldering,PH,seed-1501,Wall-Nut / MISA Climbing Systems,seed-1515
The Bouldering Hive Makati,PH,seed-1502,Kalay-at Climb Adventures,seed-1516
The Bouldering Hive Greenhills,PH,seed-1503,Kapit Tuko Indoor Climbing Gym,seed-1517
AADED Escalando,AR,seed-1504,Camp Sandugo,seed-1518
Ahonikenk Naturaleza Recreativa,AR,seed-1505,Bloc Boulder,seed-1519
Bien Alto Escuela de Montaña,AR,seed-1506,Viajero Climbing Gym,seed-1520
Cima Escuela de Escalada,AR,seed-1507,Nature's Camp Rock Climbing Gym,seed-1521
Chao - Punto Gym,AR,seed-1508,Ziggy's Tower,seed-1522
Club Andino Burzaco (CABur),AR,seed-1509,Caliraya Recreation Center,seed-1523
Golem Escalada,AR,seed-1510,Climb Central Manila,seed-1524
K2 Escalada Deportiva,AR,seed-1511,Sakattkadlagan Climbing Center,seed-1525
LA CIMA - Gimnasio Stadium,AR,seed-1512,Urban Peak Wall Climbing Center,seed-1526
9a Rocódromo,AR,seed-1513,Boulder Space,seed-1527
Club Andino Córdoba,AR,seed-1514,Good Climbs,seed-1528
Pared Parque España,AR,seed-1515,Flow State Bouldering,seed-1529
Limite Sur,AR,seed-1516,The Bouldering Hive Makati,seed-1530
Vertical Gym,AR,seed-1517,The Bouldering Hive Greenhills,seed-1531
Rocódromo La Plata,AR,seed-1518,AADED Escalando,seed-1532
Club Andino Sosneado,AR,seed-1519,Ahonikenk Naturaleza Recreativa,seed-1533
Heidrun,AR,seed-1520,Bien Alto Escuela de Montaña,seed-1534
GRAN PARED SAS,CO,seed-1521,Cima Escuela de Escalada,seed-1535
Wazza,CO,seed-1522,Chao - Punto Gym,seed-1536
Zona de Bloque,CO,seed-1523,Club Andino Burzaco (CABur),seed-1537
Boulder House,CO,seed-1524,Golem Escalada,seed-1538
Ecoextremo,CO,seed-1525,K2 Escalada Deportiva,seed-1539
Destino Escalada,CO,seed-1526,LA CIMA - Gimnasio Stadium,seed-1540
Dulfer Escuela y Gimnasio de Escalada,CO,seed-1527,9a Rocódromo,seed-1541
Gravedad Cero,CO,seed-1528,Club Andino Córdoba,seed-1542
Skale Muro de Escalada,CO,seed-1529,Pared Parque España,seed-1543
RocanWorld Gimnasio de Escalada,CO,seed-1530,Limite Sur,seed-1544
Geko Escalada,CO,seed-1531,Vertical Gym,seed-1545
Extrema Aventura,CO,seed-1532,Rocódromo La Plata,seed-1546
Norte Extremo,CO,seed-1533,Club Andino Sosneado,seed-1547
Mahalo Extreme Park,CO,seed-1534,Heidrun,seed-1548
Aventuras Positivas - Comfatolima,CO,seed-1535,GRAN PARED SAS,seed-1549
La Kueva Gimnasio de Escalada,CO,seed-1536,Wazza,seed-1550
El Desafio,CO,seed-1537,Zona de Bloque,seed-1551
La Ecopared,CO,seed-1538,Boulder House,seed-1552
Campus Climbing,CL,seed-1539,Ecoextremo,seed-1553
Climbing Zone,CL,seed-1540,Destino Escalada,seed-1554
Cueba Selknam,CL,seed-1541,Dulfer Escuela y Gimnasio de Escalada,seed-1555
TREEPE Boulder - Centro de Escalada,CL,seed-1542,Gravedad Cero,seed-1556
Muro Giuseppe Bortoluzzi,CL,seed-1543,Skale Muro de Escalada,seed-1557
Casa Boulder,CL,seed-1544,RocanWorld Gimnasio de Escalada,seed-1558
Escalando en Penumbras,CL,seed-1545,Geko Escalada,seed-1559
GimnasioElMuro,CL,seed-1546,Extrema Aventura,seed-1560
Monos Climbing,CL,seed-1547,Norte Extremo,seed-1561
BALANCE,CL,seed-1548,Mahalo Extreme Park,seed-1562
El Trebol - Chileclimbers,CL,seed-1549,Aventuras Positivas - Comfatolima,seed-1563
Club Gimnástico Alemán Temuco,CL,seed-1550,La Kueva Gimnasio de Escalada,seed-1564
El Bloke,CL,seed-1551,El Desafio,seed-1565
Puelche Valdivia,CL,seed-1552,La Ecopared,seed-1566
Tornamesa Centro de Escalada,CL,seed-1553,Campus Climbing,seed-1567
Naciones Unidas,VE,seed-1554,Climbing Zone,seed-1568
Sector C Escalada Deportiva,VE,seed-1555,Cueba Selknam,seed-1569
Skate Park Chacao,VE,seed-1556,TREEPE Boulder - Centro de Escalada,seed-1570
Muro Escuela de Escalada Deportiva Caricuao,VE,seed-1557,Muro Giuseppe Bortoluzzi,seed-1571
Aranitas Club,VE,seed-1558,Casa Boulder,seed-1572
Asociación de Montañismo y Escalada del Estado Zulia,VE,seed-1559,Escalando en Penumbras,seed-1573
Muro AEDEA,VE,seed-1560,GimnasioElMuro,seed-1574
Boulder,VE,seed-1561,Monos Climbing,seed-1575
Cueva de Escalada Alain,VE,seed-1562,BALANCE,seed-1576
Psicoblock En Piscina,VE,seed-1563,El Trebol - Chileclimbers,seed-1577
Jose Daniel Arciniegas Contreras,VE,seed-1564,Club Gimnástico Alemán Temuco,seed-1578
Ameg,VE,seed-1565,El Bloke,seed-1579
Villa Olímpica,VE,seed-1566,Puelche Valdivia,seed-1580
Roco Boulder,VE,seed-1567,Tornamesa Centro de Escalada,seed-1581
Fit Rock Arena,IN,seed-1568,Naciones Unidas,seed-1582
Crag Studio,IN,seed-1569,Sector C Escalada Deportiva,seed-1583
Top Rock Bouldering Gym,IN,seed-1570,Skate Park Chacao,seed-1584
Golds Gym Bandra,IN,seed-1571,Muro Escuela de Escalada Deportiva Caricuao,seed-1585
The Climbers Den,IN,seed-1572,Aranitas Club,seed-1586
Delhi Rock,IN,seed-1573,Asociación de Montañismo y Escalada del Estado Zulia,seed-1587
Nainital Mountaineering Club,IN,seed-1574,Muro AEDEA,seed-1588
PCMC Wall,IN,seed-1575,Boulder,seed-1589
Performance Rock,IL,seed-1576,Cueva de Escalada Alain,seed-1590
iClimb Jerusalem,IL,seed-1577,Psicoblock En Piscina,seed-1591
Campus Climbing,IL,seed-1578,Jose Daniel Arciniegas Contreras,seed-1592
Boulderland Israel,IL,seed-1579,Ameg,seed-1593
Toprope,IL,seed-1580,Villa Olímpica,seed-1594
Kirono Climbing Gym,IL,seed-1581,Roco Boulder,seed-1595
Monkeys climbing gym,IL,seed-1582,Fit Rock Arena,seed-1596
Venga,IL,seed-1583,Crag Studio,seed-1597
Badung Climbing Gym,ID,seed-1584,Top Rock Bouldering Gym,seed-1598
AE Climbing Gym,ID,seed-1585,Golds Gym Bandra,seed-1599
Manjat Climbing Gym,ID,seed-1586,The Climbers Den,seed-1600
Rebel Gym,ID,seed-1587,Delhi Rock,seed-1601
Bengkalis Sport Climbing Center,ID,seed-1588,Nainital Mountaineering Club,seed-1602
Bremgra Indoor Climbing Gym,ID,seed-1589,PCMC Wall,seed-1603
BR 135 Climbing Club,ID,seed-1590,Performance Rock,seed-1604
Phyxius Climbing Gym,ID,seed-1591,iClimb Jerusalem,seed-1605
Bungo Boulder,ID,seed-1592,Campus Climbing,seed-1606
iClimb Rock Climbing Gym,TW,seed-1593,Boulderland Israel,seed-1607
MegaSTONE Climbing Gym,TW,seed-1594,Toprope,seed-1608
B-Plus Bouldering Gym,TW,seed-1595,Kirono Climbing Gym,seed-1609
Red Rock Bouldering Training Center,TW,seed-1596,Monkeys climbing gym,seed-1610
Taipei Rock Climbing Gym,TW,seed-1597,Venga,seed-1611
Y17 Climbing Gym,TW,seed-1598,Badung Climbing Gym,seed-1612
Boulder Space - Sanmin,TW,seed-1599,AE Climbing Gym,seed-1613
Boulder Space - Zuoying,TW,seed-1600,Manjat Climbing Gym,seed-1614
B-TOPIA,TW,seed-1601,Rebel Gym,seed-1615
Qingchang Climbing Life Hall,TW,seed-1602,Bengkalis Sport Climbing Center,seed-1616
Bouldering Base,TW,seed-1603,Bremgra Indoor Climbing Gym,seed-1617
High Fun Comprehensive Fitness Center,TW,seed-1604,BR 135 Climbing Club,seed-1618
CLK Climbing Facility,TW,seed-1605,Phyxius Climbing Gym,seed-1619
Yes Power Gym,TW,seed-1606,Bungo Boulder,seed-1620
CORNER Bouldering Gym - Zhongshan,TW,seed-1607,iClimb Rock Climbing Gym,seed-1621
CORNER Bouldering Gym - Huashan,TW,seed-1608,MegaSTONE Climbing Gym,seed-1622
T-UP Climbing Gym - Wanhua,TW,seed-1609,B-Plus Bouldering Gym,seed-1623
T-UP Climbing Gym - Nangang,TW,seed-1610,Red Rock Bouldering Training Center,seed-1624
T-UP Climbing Gym - Zhonghe,TW,seed-1611,Taipei Rock Climbing Gym,seed-1625
Kirin Climbing Gym,TW,seed-1612,Y17 Climbing Gym,seed-1626
Civic Bouldergym Taipei,TW,seed-1613,Boulder Space - Sanmin,seed-1627
Yonghe Climbing Field,TW,seed-1614,Boulder Space - Zuoying,seed-1628
The Little Rock - Tianmu,TW,seed-1615,B-TOPIA,seed-1629
Bloc 11 - Paarden Eiland,ZA,seed-1616,Qingchang Climbing Life Hall,seed-1630
Bloc 11 - Diep River,ZA,seed-1617,Bouldering Base,seed-1631
CityROCK Cape Town,ZA,seed-1618,High Fun Comprehensive Fitness Center,seed-1632
HangTime Climbing Gym,ZA,seed-1619,CLK Climbing Facility,seed-1633
Rock Valley Climbing,ZA,seed-1620,Yes Power Gym,seed-1634
Southern Rock Climbing Centre,ZA,seed-1621,CORNER Bouldering Gym - Zhongshan,seed-1635
Valley Crag Indoor Climbing Centre,ZA,seed-1622,CORNER Bouldering Gym - Huashan,seed-1636
Friends and Allies,ZA,seed-1623,T-UP Climbing Gym - Wanhua,seed-1637
The Climbing Barn Adventure Centre,ZA,seed-1624,T-UP Climbing Gym - Nangang,seed-1638
CityROCK Johannesburg,ZA,seed-1625,T-UP Climbing Gym - Zhonghe,seed-1639
Idwala Adventures,ZA,seed-1626,Kirin Climbing Gym,seed-1640
Maties Rock Climbing Wall,ZA,seed-1627,Civic Bouldergym Taipei,seed-1641
El Rocodromo,EC,seed-1628,Yonghe Climbing Field,seed-1642
La Cueva,EC,seed-1629,The Little Rock - Tianmu,seed-1643
Vertigo Escalada,EC,seed-1630,Bloc 11 - Paarden Eiland,seed-1644
Monodedo,EC,seed-1631,Bloc 11 - Diep River,seed-1645
Monodedo Cuenca,EC,seed-1632,CityROCK Cape Town,seed-1646
Iguana,EC,seed-1633,HangTime Climbing Gym,seed-1647
CECAMP (César Campoverde),EC,seed-1634,Rock Valley Climbing,seed-1648
Complejo de Yacucalle,EC,seed-1635,Southern Rock Climbing Centre,seed-1649
Complejo La California,EC,seed-1636,Valley Crag Indoor Climbing Centre,seed-1650
Max Climbing Club,EC,seed-1637,Friends and Allies,seed-1651
Muro de Puyo,EC,seed-1638,The Climbing Barn Adventure Centre,seed-1652
Hanoi Climbing Hub,VN,seed-1639,CityROCK Johannesburg,seed-1653
ARCH Rock Climbing Hanoi,VN,seed-1640,Idwala Adventures,seed-1654
Beefy Boulders - Tây Hồ,VN,seed-1641,Maties Rock Climbing Wall,seed-1655
Beefy Boulders - Mỹ Đình,VN,seed-1642,El Rocodromo,seed-1656
VietClimb,VN,seed-1643,La Cueva,seed-1657
Vertical Academy,VN,seed-1644,Vertigo Escalada,seed-1658
Push Climbing - Crescent Wall,VN,seed-1645,Monodedo,seed-1659
Boulder House (Miegantys Drambliai),LT,seed-1646,Monodedo Cuenca,seed-1660
Climbing Club Kaunas,LT,seed-1647,Iguana,seed-1661
Fabrique,LT,seed-1648,CECAMP (César Campoverde),seed-1662
Scala Dream,LT,seed-1649,Complejo de Yacucalle,seed-1663
BONOBO Climbing,LT,seed-1650,Complejo La California,seed-1664
Montis Magia - LOFTAS,LT,seed-1651,Max Climbing Club,seed-1665
Montis Magia - PIKAS,LT,seed-1652,Muro de Puyo,seed-1666
VERTICAL Climbing Center,LT,seed-1653,Hanoi Climbing Hub,seed-1667
Penjački centar Sektor44,RS,seed-1654,ARCH Rock Climbing Hanoi,seed-1668
Belgrade Climbing Club,RS,seed-1655,Beefy Boulders - Tây Hồ,seed-1669
Adrenalin Climbing Club,RS,seed-1656,Beefy Boulders - Mỹ Đình,seed-1670
Hala Sportova,RS,seed-1657,VietClimb,seed-1671
Gekon,RS,seed-1658,Vertical Academy,seed-1672
Ahimsa Boulder,BO,seed-1659,Push Climbing - Crescent Wall,seed-1673
El Muro Escalada Deportiva,BO,seed-1660,Boulder House (Miegantys Drambliai),seed-1674
Gecko Boulders,BO,seed-1661,Climbing Club Kaunas,seed-1675
CRUXTREME,BO,seed-1662,Fabrique,seed-1676
LA Cueva Boulder Gym,BO,seed-1663,Scala Dream,seed-1677
Llama Climber,BO,seed-1664,BONOBO Climbing,seed-1678
Shahid Rajaee Complex Gym,IR,seed-1665,Montis Magia - LOFTAS,seed-1679
ASOO Yadegar Imam Climbing Gym,IR,seed-1666,Montis Magia - PIKAS,seed-1680
Davoudi Climbing Gym,IR,seed-1667,VERTICAL Climbing Center,seed-1681
Taka Gayasi,IR,seed-1668,Penjački centar Sektor44,seed-1682
Tuuletorn,EE,seed-1669,Belgrade Climbing Club,seed-1683
Kivi Climbing,EE,seed-1670,Adrenalin Climbing Club,seed-1684
Ronimisministeerium,EE,seed-1671,Hala Sportova,seed-1685
Ronimistehas,EE,seed-1672,Gekon,seed-1686
Climbing Gym Ringtee,EE,seed-1673,Ahimsa Boulder,seed-1687
NET Spordihall,EE,seed-1674,El Muro Escalada Deportiva,seed-1688
Project Rock,MY,seed-1675,Gecko Boulders,seed-1689
Petit Climbing Center,MY,seed-1676,CRUXTREME,seed-1690
Rockworld,MY,seed-1677,LA Cueva Boulder Gym,seed-1691
Putrajaya Challenge Park,MY,seed-1678,Llama Climber,seed-1692
Bump Bouldering,MY,seed-1679,Shahid Rajaee Complex Gym,seed-1693
Shah Alam Extreme Park,MY,seed-1680,ASOO Yadegar Imam Climbing Gym,seed-1694
Rock Domain Climbing Gym,TH,seed-1681,Davoudi Climbing Gym,seed-1695
Sports World at LadProa,TH,seed-1682,Taka Gayasi,seed-1696
No Gravity,TH,seed-1683,Tuuletorn,seed-1697
Progression Vertical,TH,seed-1684,Kivi Climbing,seed-1698
Sports World Suratthani,TH,seed-1685,Ronimisministeerium,seed-1699
Rebel Rock Climbing,TH,seed-1686,Ronimistehas,seed-1700
UP!,UA,seed-1687,Climbing Gym Ringtee,seed-1701
Tsekh Climbing Gym,UA,seed-1688,NET Spordihall,seed-1702
Boulder Space,UA,seed-1689,Project Rock,seed-1703
Climbing SPACE,UA,seed-1690,Petit Climbing Center,seed-1704
Hyperion,UA,seed-1691,Rockworld,seed-1705
TheWall,UA,seed-1692,Putrajaya Challenge Park,seed-1706
Brutál Povala - cccbbb,SK,seed-1693,Bump Bouldering,seed-1707
Block Dock,SK,seed-1694,Shah Alam Extreme Park,seed-1708
Vertigo,SK,seed-1695,Rock Domain Climbing Gym,seed-1709
HK Manin,SK,seed-1696,Sports World at LadProa,seed-1710
K2-Zilina Bouldering Climbing Gym,SK,seed-1697,No Gravity,seed-1711
Ovčín Boulder & Bistro,SK,seed-1698,Progression Vertical,seed-1712
LCC Limassol Climbing Club,CY,seed-1699,Sports World Suratthani,seed-1713
Ungravity Climbing,CY,seed-1700,Rebel Rock Climbing,seed-1714
C.F.C.C. Cyprus Federation Climbing Centre,CY,seed-1701,UP!,seed-1715
Redpoint,CY,seed-1702,Tsekh Climbing Gym,seed-1716
Rockstar Climbing,CY,seed-1703,Boulder Space,seed-1717
El Espacio La Cueva,PA,seed-1704,Climbing SPACE,seed-1718
Sportlink Climb,PA,seed-1705,Hyperion,seed-1719
Baboons Boulder Wall,PA,seed-1706,TheWall,seed-1720
CCM Arequipa,PE,seed-1707,Brutál Povala - cccbbb,seed-1721
Base Camp Peru,PE,seed-1708,Block Dock,seed-1722
VERTICAL Gimnasio de Escalada,PE,seed-1709,Vertigo,seed-1723
Pirqa,PE,seed-1710,HK Manin,seed-1724
Bloque,PE,seed-1711,K2-Zilina Bouldering Climbing Gym,seed-1725
Boulderhane,TR,seed-1712,Ovčín Boulder & Bistro,seed-1726
Bursa Tırmanış Evi,TR,seed-1713,LCC Limassol Climbing Club,seed-1727
BoulderEs,TR,seed-1714,Ungravity Climbing,seed-1728
Falkors Bouldering Center,LV,seed-1715,C.F.C.C. Cyprus Federation Climbing Centre,seed-1729
Virsotne Climbing Gym,LV,seed-1716,Redpoint,seed-1730
Ground Up Climbing,SG,seed-1717,Rockstar Climbing,seed-1731
Yishun Safra Climbing Centre,SG,seed-1718,El Espacio La Cueva,seed-1732
Indoor Wall Foča,BA,seed-1719,Sportlink Climb,seed-1733
ASPK Neretva,BA,seed-1720,Baboons Boulder Wall,seed-1734
Flamingo Loophole,BA,seed-1721,CCM Arequipa,seed-1735
Climbing Club Extreme,BA,seed-1722,Base Camp Peru,seed-1736
BlocCafè Gym Boulder,AD,seed-1723,VERTICAL Gimnasio de Escalada,seed-1737
BlocCafè Climbing,AD,seed-1724,Pirqa,seed-1738
Centre Esportiu Serradells,AD,seed-1725,Bloque,seed-1739
Palau de Gel,AD,seed-1726,Boulderhane,seed-1740
Centre Esportiu Pas de la Casa,AD,seed-1727,Bursa Tırmanış Evi,seed-1741
Rocòdrom Fiter i Rossell,AD,seed-1728,BoulderEs,seed-1742
Altitude Gym Kanata,CA,seed-1729,Falkors Bouldering Center,seed-1743
Grand River Rocks,CA,seed-1730,Virsotne Climbing Gym,seed-1744
Up the Bloc,CA,seed-1731,Ground Up Climbing,seed-1745
True North Climbing,CA,seed-1732,Yishun Safra Climbing Centre,seed-1746
Boulderz Climbing Centre - Etobicoke,CA,seed-1733,Indoor Wall Foča,seed-1747
Boulderz Climbing Centre - Mississauga,CA,seed-1734,ASPK Neretva,seed-1748
Le Mouv' espace bloc,CA,seed-1735,Flamingo Loophole,seed-1749
Bomber Boulders,CA,seed-1736,Climbing Club Extreme,seed-1750
Gravity Lab,TH,seed-1737,BlocCafè Gym Boulder,seed-1751
Stonegoat Climbing Gym,TH,seed-1738,BlocCafè Climbing,seed-1752
Proclimber Gym,TH,seed-1739,Centre Esportiu Serradells,seed-1753
Urban Playground Climbing,TH,seed-1740,Palau de Gel,seed-1754
V Once Escalada,AR,seed-1741,Centre Esportiu Pas de la Casa,seed-1755
Estación Vertical,AR,seed-1742,Rocòdrom Fiter i Rossell,seed-1756
Centro Andino Buenos Aires (CABA Sede Rivadavia),AR,seed-1743,Altitude Gym Kanata,seed-1757
Seoul Forest Climbing,KR,seed-1744,Grand River Rocks,seed-1758
THE CLIMB Yeonnam,KR,seed-1745,Up the Bloc,seed-1759
Academy of Bouldering (AOB),CN,seed-1746,True North Climbing,seed-1760
Benchmark 2.0,CN,seed-1747,Boulderz Climbing Centre - Etobicoke,seed-1761
1778 Climbing (Haichao Lu),CN,seed-1748,Boulderz Climbing Centre - Mississauga,seed-1762
Stonehaven,CN,seed-1749,Le Mouv' espace bloc,seed-1763
Howl Shanghai,CN,seed-1750,Bomber Boulders,seed-1764
Boulder Zone,AE,seed-1751,Gravity Lab,seed-1765
Mountain Extreme,AE,seed-1752,Stonegoat Climbing Gym,seed-1766
Rock Republic,AE,seed-1753,Proclimber Gym,seed-1767
Rock Republic Al Qusais,AE,seed-1754,Urban Playground Climbing,seed-1768
GoClimb,AE,seed-1755,V Once Escalada,seed-1769
CLYMB Abu Dhabi,AE,seed-1756,Estación Vertical,seed-1770
Train Galleria (bouldering area),AE,seed-1757,Centro Andino Buenos Aires (CABA Sede Rivadavia),seed-1771
RedRock Climbing Center,LU,seed-1758,Seoul Forest Climbing,seed-1772
BKL - Boulder Klub Letzebuerg,LU,seed-1759,THE CLIMB Yeonnam,seed-1773
Coque Climbing Wall,LU,seed-1760,Academy of Bouldering (AOB),seed-1774
D-Summit,LU,seed-1761,Benchmark 2.0,seed-1775
BlocX Urban Fitness,LU,seed-1762,1778 Climbing (Haichao Lu),seed-1776
S.K. Lucky,GE,seed-1763,Stonehaven,seed-1777
Pro Climbers,GE,seed-1764,Howl Shanghai,seed-1778
Club 71,GE,seed-1765,Boulder Zone,seed-1779
M. Khergiani Climbing Gym,GE,seed-1766,Mountain Extreme,seed-1780
Plezalni center Ljubljana,SI,seed-1767,Rock Republic,seed-1781
Bolder Scena Ljubljana,SI,seed-1768,Rock Republic Al Qusais,seed-1782
Balvanija,SI,seed-1769,GoClimb,seed-1783
Bolder Scena Kranj,SI,seed-1770,CLYMB Abu Dhabi,seed-1784
Plezarna,SI,seed-1771,Train Galleria (bouldering area),seed-1785
Plezalni center Celje,SI,seed-1772,RedRock Climbing Center,seed-1786
Bolderaj,SI,seed-1773,BKL - Boulder Klub Letzebuerg,seed-1787
Klajmber,SI,seed-1774,Coque Climbing Wall,seed-1788
Plezalni center Slovenska Bistrica,SI,seed-1775,D-Summit,seed-1789
Plezalni center Verd,SI,seed-1776,BlocX Urban Fitness,seed-1790
Plus Climbing Koper,SI,seed-1777,S.K. Lucky,seed-1791
Balvanski plezalni center Friksn,SI,seed-1778,Pro Climbers,seed-1792
Climbing Ranch (D'Ranch),SI,seed-1779,Club 71,seed-1793
DES Climbing Gym,SI,seed-1780,M. Khergiani Climbing Gym,seed-1794
Skala Boulder,KZ,seed-1781,Plezalni center Ljubljana,seed-1795
Cave Boulder,KZ,seed-1782,Bolder Scena Ljubljana,seed-1796
CozyRock,KZ,seed-1783,Balvanija,seed-1797
SKALA Climbing Gym,KZ,seed-1784,Bolder Scena Kranj,seed-1798
Skala Climbing Gym (KeruenCity),KZ,seed-1785,Plezarna,seed-1799
Climbers Garden,KZ,seed-1786,Plezalni center Celje,seed-1800
NU Climbing (Nazarbayev University Athletic Center),KZ,seed-1787,Bolderaj,seed-1801
Eskalar (El Spot),CR,seed-1788,Klajmber,seed-1802
Ascend Climbing & Fitness (San Pablo),CR,seed-1789,Plezalni center Slovenska Bistrica,seed-1803
Ascend Boulder Room,CR,seed-1790,Plezalni center Verd,seed-1804
Rock Climbing Costa Rica (Jaco),CR,seed-1791,Plus Climbing Koper,seed-1805
TamaRocks Climbing & Fitness,CR,seed-1792,Balvanski plezalni center Friksn,seed-1806
Altitude Liberia,CR,seed-1793,Climbing Ranch (D'Ranch),seed-1807
Raccoon Climbing House,CR,seed-1794,DES Climbing Gym,seed-1808
Plato,BY,seed-1795,Skala Boulder,seed-1809
Trapezia,BY,seed-1796,Cave Boulder,seed-1810
Dinamo climbing wall,BY,seed-1797,CozyRock,seed-1811
Vershina,BY,seed-1798,SKALA Climbing Gym,seed-1812
GAGARIN sports and entertainment centre climbing,BY,seed-1799,Skala Climbing Gym (KeruenCity),seed-1813
MBC Montevideo Boulder Club,UY,seed-1800,Climbers Garden,seed-1814
Escalada Charrua,UY,seed-1801,NU Climbing (Nazarbayev University Athletic Center),seed-1815
Liquen Escalada y Bouldering,UY,seed-1802,Eskalar (El Spot),seed-1816
Jupi Boulder,UY,seed-1803,Ascend Climbing & Fitness (San Pablo),seed-1817
El Muro Paysandu,UY,seed-1804,Ascend Boulder Room,seed-1818
Climb Up,SA,seed-1805,Rock Climbing Costa Rica (Jaco),seed-1819
The Cave Alnakheel,SA,seed-1806,TamaRocks Climbing & Fitness,seed-1820
The Cave Alhamra,SA,seed-1807,Altitude Liberia,seed-1821
Dyno Rock Climbing,SA,seed-1808,Raccoon Climbing House,seed-1822
Jigsaw Climbing,SA,seed-1809,Plato,seed-1823
JUST CLIMB San Po Kong,HK,seed-1810,Trapezia,seed-1824
JUST CLIMB Tuen Mun,HK,seed-1811,Dinamo climbing wall,seed-1825
JUST CLIMB Shek Mun,HK,seed-1812,Vershina,seed-1826
JUST CLIMB Tai Koo,HK,seed-1813,GAGARIN sports and entertainment centre climbing,seed-1827
JUST CLIMB Tseung Kwan O,HK,seed-1814,MBC Montevideo Boulder Club,seed-1828
JUST CLIMB Tsuen Wan,HK,seed-1815,Escalada Charrua,seed-1829
JUST CLIMB Kai Tak Sports Park,HK,seed-1816,Liquen Escalada y Bouldering,seed-1830
Verm City,HK,seed-1817,Jupi Boulder,seed-1831
Attic V Climbing Gym,HK,seed-1818,El Muro Paysandu,seed-1832
Proxy Climbing,HK,seed-1819,Climb Up,seed-1833
n bouldering,HK,seed-1820,The Cave Alnakheel,seed-1834
Keep Climbing Gym,HK,seed-1821,The Cave Alhamra,seed-1835
Boardroom,HK,seed-1822,Dyno Rock Climbing,seed-1836
Campus Climbing,HK,seed-1823,Jigsaw Climbing,seed-1837
CRUX Boulder Gym,HK,seed-1824,JUST CLIMB San Po Kong,seed-1838
Project_ climb & boulder HK,HK,seed-1825,JUST CLIMB Tuen Mun,seed-1839
The Player Climbingym,HK,seed-1826,JUST CLIMB Shek Mun,seed-1840
Mizu Climbing,HK,seed-1827,JUST CLIMB Tai Koo,seed-1841
Climberland,HK,seed-1828,JUST CLIMB Tseung Kwan O,seed-1842
Tanuki Bouldering,HK,seed-1829,JUST CLIMB Tsuen Wan,seed-1843
Sheung Shan Rock Gym (尚山岩舘),HK,seed-1830,JUST CLIMB Kai Tak Sports Park,seed-1844
GoNature Climbing Gym,HK,seed-1831,Verm City,seed-1845
BoulderMAD Climbing Gym,HK,seed-1832,Attic V Climbing Gym,seed-1846
Hong Kong Climbing Park (Sha Tin),HK,seed-1833,Proxy Climbing,seed-1847
Camp Four Bouldering Gym,HK,seed-1834,n bouldering,seed-1848
Vita Beta Climbing Gym (Tsuen Wan),HK,seed-1835,Keep Climbing Gym,seed-1849
Butterfly Climbing Gym,HK,seed-1836,Boardroom,seed-1850
Urban Stone Climbing Gym,HK,seed-1837,Campus Climbing,seed-1851
Top Out Climbing,HK,seed-1838,CRUX Boulder Gym,seed-1852
Ascent Indoor Climbing - Sheikh Zayed,EG,seed-1839,Project_ climb & boulder HK,seed-1853
Ascent Indoor Climbing - Maadi,EG,seed-1840,The Player Climbingym,seed-1854
Boulder,QA,seed-1841,Mizu Climbing,seed-1855
EsQalar Sports (Fairmont Doha indoor wall),QA,seed-1842,Climberland,seed-1856
Climb BlueSky,KE,seed-1843,Tanuki Bouldering,seed-1857
Mt Kenya Climbing Gym,KE,seed-1844,Sheung Shan Rock Gym (尚山岩舘),seed-1858
Tacaná Climbing Gym,GT,seed-1845,GoNature Climbing Gym,seed-1859
Big Mountain Escalódromo,GT,seed-1846,BoulderMAD Climbing Gym,seed-1860
Casa Boulder (Proyecto Casa Boulder / Extreme Climber),GT,seed-1847,Hong Kong Climbing Park (Sha Tin),seed-1861
Venga Atitlán Bouldering Gym,GT,seed-1848,Camp Four Bouldering Gym,seed-1862
Ver Var Climbing,AM,seed-1849,Vita Beta Climbing Gym (Tsuen Wan),seed-1863
Boulderland Yerevan,AM,seed-1850,Butterfly Climbing Gym,seed-1864
Grand Sport Complex (indoor climbing wall),AM,seed-1851,Urban Stone Climbing Gym,seed-1865
Bold Adventure Park,LB,seed-1852,Top Out Climbing,seed-1866
U ROCK Climbing,LB,seed-1853,Ascent Indoor Climbing - Sheikh Zayed,seed-1867
Go Up Climbing Club,LB,seed-1854,Ascent Indoor Climbing - Maadi,seed-1868
Climbat Amman,JO,seed-1855,Boulder,seed-1869
Badiya by BarBedu,JO,seed-1856,EsQalar Sports (Fairmont Doha indoor wall),seed-1870
Ascend Climbing & Bouldering (The South Wall),NP,seed-1857,Climb BlueSky,seed-1871
West Indoor Sport Hub (WISH) Climbing,NP,seed-1858,Mt Kenya Climbing Gym,seed-1872
Mali Alpinisticki Klub (MAK) Podgorica climbing gym,ME,seed-1859,Tacaná Climbing Gym,seed-1873
Boka Place Climbing Wall (BLKMTN),ME,seed-1860,Big Mountain Escalódromo,seed-1874
Encanto Sport Complex,MN,seed-1861,Casa Boulder (Proyecto Casa Boulder / Extreme Climber),seed-1875
CLIMB Partner,MN,seed-1862,Venga Atitlán Bouldering Gym,seed-1876
Adventure World (Adventure Wall) - Mall of Muscat,OM,seed-1863,Ver Var Climbing,seed-1877
Outward Bound Oman - Muscat Training Centre Climbing Wall,OM,seed-1864,Boulderland Yerevan,seed-1878
Club de Escalada,PY,seed-1865,Grand Sport Complex (indoor climbing wall),seed-1879
La Roca Boulder,PY,seed-1866,Bold Adventure Park,seed-1880
Cheongju Rak Climbing Center (청주락클라이밍센터),KR,seed-1867,U ROCK Climbing,seed-1227
Tagy Climbing Center (타기클라이밍센터),KR,seed-1868,Go Up Climbing Club,seed-1228
Oullac Climbing Gym (오르락클라이밍짐),KR,seed-1869,Climbat Amman,seed-1229
Cheongju International Sports Climbing Center (청주국제스포츠클라이밍센터),KR,seed-1870,Badiya by BarBedu,seed-1230
Flow Climb (플로우클라임),KR,seed-1871,Ascend Climbing & Bouldering (The South Wall),seed-1231
Olla Climbing Center (올라클라이밍센터),KR,seed-1872,West Indoor Sport Hub (WISH) Climbing,seed-1232
Norbo Climbing (노보클라이밍),KR,seed-1873,Mali Alpinisticki Klub (MAK) Podgorica climbing gym,seed-1233
Pohang Spider Climbing (포항 스파이더 클라이밍),KR,seed-1874,Boka Place Climbing Wall (BLKMTN),seed-1234
Jeonju Hola Climbing Center (전주올라클라이밍센터),KR,seed-1875,Encanto Sport Complex,seed-1235
Hans Climbing (Jeonju) (한스클라이밍 전주점),KR,seed-1876,CLIMB Partner,seed-1236
Gunsan Climbing Center ((사)군산클라이밍스포츠클럽),KR,seed-1877,Adventure World (Adventure Wall) - Mall of Muscat,seed-1237
Gunsan Sports Climbing Center (군산스포츠클라이밍센타),KR,seed-1878,Outward Bound Oman - Muscat Training Centre Climbing Wall,seed-1238
ClimbFarm (Iksan) (클라임팜),KR,seed-1879,Club de Escalada,seed-1239
Ascent Climbing Manseong (Jeonju) (어센트클라이밍 만성점),KR,seed-1880,La Roca Boulder,seed-1240