a_id,a_name,b_id,b_name,country,dist_m
seed-452,CELL,seed-453,Exciting Sancha,JP,0
seed-458,Base Camp Tokyo Kinshicho,seed-459,Fish and Bird Toyocho,JP,0
seed-486,Banana Climbing (OCT PARK Happy Time),seed-488,Banana Climbing (Joyful Ave),CN,1476
seed-486,Banana Climbing (OCT PARK Happy Time),seed-489,Banana Climbing (Nanshan Houhai),CN,2465
seed-486,Banana Climbing (OCT PARK Happy Time),seed-492,Banana Climbing (Kingdee),CN,691
seed-487,Banana Climbing (Shangmeilin Zhuoyuehui),seed-490,Banana Climbing (iN City Plaza),CN,1295
seed-487,Banana Climbing (Shangmeilin Zhuoyuehui),seed-491,Banana Climbing (Link Plaza),CN,1503
seed-488,Banana Climbing (Joyful Ave),seed-489,Banana Climbing (Nanshan Houhai),CN,1668
seed-488,Banana Climbing (Joyful Ave),seed-492,Banana Climbing (Kingdee),CN,1051
seed-489,Banana Climbing (Nanshan Houhai),seed-492,Banana Climbing (Kingdee),CN,1773
seed-490,Banana Climbing (iN City Plaza),seed-491,Banana Climbing (Link Plaza),CN,1310
seed-497,Lightning Climbing Gym,seed-514,Nedo Yaugaa Climbing Gym,CN,0
seed-499,Longgang Universiade Center Climbing Gym,seed-510,Zhengyan Climbing Gym (Dayun),CN,0
seed-499,Longgang Universiade Center Climbing Gym,seed-522,Yijiu Climbing Gym (Honglifang Youth Center),CN,0
seed-500,Pulan Sports (Shenzhen),seed-531,Climbing Orangutan (Shuiwan),CN,0
seed-503,Blue Sky Climbing (Futian Sports Park),seed-506,Blue Sky Climbing (Shenye Shangcheng),CN,3172
seed-505,Blue Sky Climbing (Luohu Yitian Holiday Plaza),seed-509,Blue Sky Climbing (Ledongli Cuiyuan Huafu),CN,2131
seed-505,Blue Sky Climbing (Luohu Yitian Holiday Plaza),seed-526,Blue Sky Climbing (Luohu Government Service Center),CN,1739
seed-509,Blue Sky Climbing (Ledongli Cuiyuan Huafu),seed-526,Blue Sky Climbing (Luohu Government Service Center),CN,3522
seed-510,Zhengyan Climbing Gym (Dayun),seed-522,Yijiu Climbing Gym (Honglifang Youth Center),CN,0
seed-518,Little Player Dream Factory (Shiyan Main Store),seed-519,Little Player Dream Factory (Honwan),CN,10534
seed-534,Banana Climbing (West Yan'an Road),seed-535,Banana Climbing (Jinhongqiao),CN,1744
seed-541,YS Climbing (Gate M West Bund Dream Center),seed-546,Ledongli Jinfeng Climbing (West Bund),CN,0
seed-542,Vmore Climbing (North Bund),seed-556,Shanghai Cishan Climbing (North Bund Raffles),CN,0
seed-600,J Climbing Gym (Dianshan Lake Ave),seed-603,J.Climbing Club (Qinglifang Sports Center),CN,0
seed-606,Banana Climbing (COSMO),seed-607,Banana Climbing (ICD),CN,3559
seed-617,Climbing Panda (CapitaLand Jinniu),seed-618,Climbing Panda (Chengzhonghui South District),CN,3768
seed-624,Lezhidao City Sports Leisure Camp,seed-631,Climbing Hero (North City Longhu Tianjie),CN,0
seed-636,Banana Climbing (Dongsheng Xiaoyuehe),seed-637,Banana Climbing (Shangdi),CN,7171
seed-638,Rock Time Climbing (Dawanglu),seed-649,Rock Time Climbing (Guanzhuang),CN,9387
seed-640,Aopan Climbing,seed-675,Aopan Climbing (Beijing Sport University),CN,7309
seed-640,Aopan Climbing,seed-676,Aopan Climbing (Wukesong),CN,10265
seed-641,Haoshi Sports Climbing Space,seed-666,Haoshi Sports Climbing Space (Jiulong Life Plaza),CN,2539
seed-653,CAMP4 Climbing Gym (Sanlitun),seed-663,CAMP4 Climbing Gym (Jiuxianqiao Xinchenli),CN,4447
seed-655,Aopan Climbing (Wangfujing Outlets),seed-657,Aopan Climbing (Xihongmen),CN,7168
seed-663,CAMP4 Climbing Gym (Jiuxianqiao Xinchenli),seed-666,Haoshi Sports Climbing Space (Jiulong Life Plaza),CN,0
seed-665,Aopan Climbing (World Park),seed-674,Aopan Climbing (Jiaomen),CN,10062
seed-665,Aopan Climbing (World Park),seed-677,Aopan Climbing (Yuquanying),CN,4327
seed-665,Aopan Climbing (World Park),seed-688,Vitality Zone Sports Center,CN,0
seed-674,Aopan Climbing (Jiaomen),seed-677,Aopan Climbing (Yuquanying),CN,6002
seed-675,Aopan Climbing (Beijing Sport University),seed-676,Aopan Climbing (Wukesong),CN,13564
seed-693,Banana Climbing (Qincheng MixC World),seed-698,Banana Climbing (Qincheng Wanxiang Mall),CN,5719
seed-697,CUG Outdoor Climbing Gym,seed-708,Snow Leopard Climbing Gym,CN,0
seed-728,XBOX Family Sports Center (Xixi Impression City),seed-730,Happy Climbing (Yuhang),CN,0
seed-739,Super Extreme Climbing (Youtuobang Aoti),seed-740,Super Extreme Climbing (Yonglong Garden East),CN,7895
seed-739,Super Extreme Climbing (Youtuobang Aoti),seed-751,Super Extreme Climbing (SCUT East Campus),CN,7607
seed-740,Super Extreme Climbing (Yonglong Garden East),seed-751,Super Extreme Climbing (SCUT East Campus),CN,1348
seed-756,HOLDZ Climbing Monkey Climbing (Kunshan),seed-760,TBW Extreme Sports Center (Kunshan),CN,0
seed-758,Koala Climbing (Wangfujing),seed-763,Star Rock Climbing (Meiluo),CN,0
seed-758,Koala Climbing (Wangfujing),seed-774,Loong Climbing (Jiuguang),CN,0
seed-763,Star Rock Climbing (Meiluo),seed-774,Loong Climbing (Jiuguang),CN,0
seed-766,Star Rock Climbing (Suzhou Bay Gulin Park),seed-768,Liu Changzhong Climbing (Sasseur),CN,0
seed-769,Liu Changzhong Climbing (Olympic Sports Center),seed-770,Liu Changzhong Climbing (Dushu Lake),CN,12158
seed-771,Panyue Climbing (Caohu Culture & Sports Center),seed-772,Panyue Climbing (Xiangcheng Tianjie),CN,9950
seed-776,Dianfeng Climbing Gym,seed-781,Rockway Climbing (Shuicheng),CN,0
seed-776,Dianfeng Climbing Gym,seed-790,Rockway Climbing (Cuitong Rd),CN,0
seed-777,Mango Climbing (Binhai Wuyue Plaza),seed-784,Mango Climbing (Binhai Jinyu Jiapin),CN,3889
seed-781,Rockway Climbing (Shuicheng),seed-790,Rockway Climbing (Cuitong Rd),CN,0
seed-785,Benpan Climbing Gym,seed-787,Tianjin Top Climbing (Huanghe Rd),CN,0
seed-785,Benpan Climbing Gym,seed-789,Tianjin Top Climbing (Ling'ao),CN,0
seed-787,Tianjin Top Climbing (Huanghe Rd),seed-789,Tianjin Top Climbing (Ling'ao),CN,0
seed-802,Duote Climbing (Dazhai Rd),seed-807,Duote Climbing (Dayuecheng),CN,11288
seed-815,Jidao Climbing (Jingang International),seed-823,Jidao Climbing (Lanting Xinduhui),CN,4137
seed-821,Pandengxia Kids Climbing (Yubei Shuita Yunxuan),seed-825,Kuji Climbing (Tianjiangli),CN,0
seed-847,SEEK ROCK CLIMBING (Xinyao Gemdale Plaza),seed-859,SEEK ROCK CLIMBING (Nanyou Plaza/Xianlin),CN,7250
seed-849,Blue Whale Climbing (Jiqingmen),seed-853,Blue Whale Climbing (Yuejie Fantasy City),CN,1635
seed-895,The Climbing Works,seed-912,Awesome Walls Sheffield,GB,49
seed-979,Boulderhaus Darmstadt,seed-1006,Dynochrom,DE,0
seed-1089,Altissimo - Marseille,seed-1092,Boite A Grimpe - Marseille,FR,0
seed-1095,Altissimo - Toulouse Montaudran,seed-1097,Altissimo - Toulouse Saint Martin,FR,0
seed-1117,Beest Boulders - Den Haag Hollands Spoor,seed-1122,De Klimmuur - Den Haag Hollands Spoor,NL,14
seed-1139,Manga Climbing,seed-1140,Rockspot,IT,0
seed-1142,Equilibrium Arrampicata Modena,seed-1144,Rock'n Fire climbing gym,IT,0
seed-1254,São Rock - Porto,seed-1255,The North Wall - Porto,PT,0
seed-1336,Kiipeilyareena - Kalasatama,seed-1338,KiipeilyAreena Salmisaari,FI,0
seed-1345,Bloc Climbing Gym,seed-1346,Gravity Climbing Centre,IE,0
seed-1398,Das Pedras - Espaço de Escalada,seed-1399,Up Escalada,BR,0
seed-1400,ROKAZ Academy Climbing and Fitness,seed-1401,ROKAZ Unidade Buritis,BR,0
seed-1402,Caverna Boulder,seed-1404,Via Aventura,BR,0
seed-1423,Mamouna Climbing Spot,seed-1424,Redpoint Athens Climbing Center,GR,0
seed-1425,Crux - Climbing gym,seed-1426,PXP Climbing,GR,0
seed-1447,BLOKX Climbing Gym,seed-1453,Vertical Spirit,RO,0
seed-1454,Climb House Brasov,seed-1455,Natural High Brașov,RO,0
seed-1460,Central Climbing,seed-1461,Free Wall,RO,0
seed-1465,Boulder Zona,seed-1466,Fothia Velesajam dvorana za penjanje,HR,0
seed-1465,Boulder Zona,seed-1467,The Hive Zagreb - Climbing & Yoga,HR,0
seed-1466,Fothia Velesajam dvorana za penjanje,seed-1467,The Hive Zagreb - Climbing & Yoga,HR,0
seed-1477,Klub Igels,seed-1478,Severnaya Stena Petrogradskaya Skalodrom,RU,0
seed-1477,Klub Igels,seed-1479,Skalodrom Tramontana,RU,0
seed-1478,Severnaya Stena Petrogradskaya Skalodrom,seed-1479,Skalodrom Tramontana,RU,0
seed-1480,Balkan Climbing,seed-1481,Bons - Europe climbing center,BG,0
seed-1480,Balkan Climbing,seed-1482,Climb Academy,BG,0
seed-1480,Balkan Climbing,seed-1483,Climbing and mountaineering NSA,BG,0
seed-1480,Balkan Climbing,seed-1485,Momentum Indoor Climbing Sofia,BG,0
seed-1481,Bons - Europe climbing center,seed-1482,Climb Academy,BG,0
seed-1481,Bons - Europe climbing center,seed-1483,Climbing and mountaineering NSA,BG,0
seed-1481,Bons - Europe climbing center,seed-1485,Momentum Indoor Climbing Sofia,BG,0
seed-1482,Climb Academy,seed-1483,Climbing and mountaineering NSA,BG,0
seed-1482,Climb Academy,seed-1485,Momentum Indoor Climbing Sofia,BG,0
seed-1483,Climbing and mountaineering NSA,seed-1485,Momentum Indoor Climbing Sofia,BG,0
seed-1532,Extrema Aventura,seed-1533,Norte Extremo,CO,0
seed-1561,Boulder,seed-1562,Cueva de Escalada Alain,VE,0
seed-1561,Boulder,seed-1563,Psicoblock En Piscina,VE,0
seed-1562,Cueva de Escalada Alain,seed-1563,Psicoblock En Piscina,VE,0
seed-1827,Mizu Climbing,seed-1828,Climberland,HK,60
seed-1836,Butterfly Climbing Gym,seed-1837,Urban Stone Climbing Gym,HK,0